{
	"parent": "item/handheld",
	"textures": {
		"layer0": "item/carrot_on_a_stick"
	},
	"overrides": [
		{ "predicate": { "custom_model_data": 101}, "model": "item/items/play_button" },
		{ "predicate": { "custom_model_data": 102}, "model": "item/items/leave_button" },
		{ "predicate": { "custom_model_data": 103}, "model": "item/items/spec_button" },
		{ "predicate": { "custom_model_data": 104}, "model": "item/items/settings_button" },
		{ "predicate": { "custom_model_data": 105}, "model": "item/items/wasd_button" },
		{ "predicate": { "custom_model_data": 106}, "model": "item/items/engine_button" },
		{ "predicate": { "custom_model_data": 107}, "model": "item/items/shop_button" },
		{ "predicate": { "custom_model_data": 108}, "model": "item/carts/cart01" },
		{ "predicate": { "custom_model_data": 109}, "model": "item/arrow" },
		{ "predicate": { "custom_model_data": 110}, "model": "item/carts/cart01" },
		{ "predicate": { "custom_model_data": 111}, "model": "item/carts/cart01" },
		{ "predicate": { "custom_model_data": 112}, "model": "item/carts/cart06" },
		{ "predicate": { "custom_model_data": 113}, "model": "item/carts/cart07" },
		{ "predicate": { "custom_model_data": 114}, "model": "item/carts/cart08" },
		{ "predicate": { "custom_model_data": 115}, "model": "item/carts/cart05" },
		{ "predicate": { "custom_model_data": 116}, "model": "item/carts/cart02" },
		{ "predicate": { "custom_model_data": 117}, "model": "item/carts/cart03" },
		{ "predicate": { "custom_model_data": 118}, "model": "item/carts/cart04" },
		{ "predicate": { "custom_model_data": 119}, "model": "item/arrow" },
		{ "predicate": { "custom_model_data": 120}, "model": "item/campfire" },
		{ "predicate": { "custom_model_data": 121}, "model": "item/flint_and_steel" },
		{ "predicate": { "custom_model_data": 122}, "model": "item/soul_lantern" },
		{ "predicate": { "custom_model_data": 123}, "model": "item/dark_oak_sapling" },
		{ "predicate": { "custom_model_data": 124}, "model": "item/poppy" },
		{ "predicate": { "custom_model_data": 125}, "model": "item/tipped_arrow" },
		{ "predicate": { "custom_model_data": 126}, "model": "item/tube_coral" },
		{ "predicate": { "custom_model_data": 127}, "model": "item/enchanted_book" },
		{ "predicate": { "custom_model_data": 128}, "model": "item/nether_star" },
		{ "predicate": { "custom_model_data": 129}, "model": "item/items/page_1_button" },
		{ "predicate": { "custom_model_data": 130}, "model": "item/items/page_2_button" },
		{ "predicate": { "custom_model_data": 131}, "model": "item/carts/cart09" },
		{ "predicate": { "custom_model_data": 1001}, "model": "item/items/item01" },
		{ "predicate": { "custom_model_data": 1003}, "model": "item/items/item03" },
		{ "predicate": { "custom_model_data": 1005}, "model": "item/items/item05" },
		{ "predicate": { "custom_model_data": 1006}, "model": "item/items/item06" },
		{ "predicate": { "custom_model_data": 1007}, "model": "item/items/item07" },
		{ "predicate": { "custom_model_data": 1008}, "model": "item/items/item08" },
		{ "predicate": { "custom_model_data": 1009}, "model": "item/items/item09" },
		{ "predicate": { "custom_model_data": 1010}, "model": "item/items/item10" },
		{ "predicate": { "custom_model_data": 1011}, "model": "item/items/item11" },
		{ "predicate": { "custom_model_data": 1012}, "model": "item/items/item12" },
		{ "predicate": { "custom_model_data": 1014}, "model": "item/items/item14" }
	]
}
