{
	"parent": "item/handheld",
	"textures": {
		"layer0": "diamond"
	},
	"overrides": [
		{ "predicate": { "custom_model_data": 101}, "model": "item/carts/cart01" },
		{ "predicate": { "custom_model_data": 102}, "model": "item/carts/cart02" },
		{ "predicate": { "custom_model_data": 103}, "model": "item/carts/cart03" },
		{ "predicate": { "custom_model_data": 104}, "model": "item/carts/cart04" },
		{ "predicate": { "custom_model_data": 105}, "model": "item/carts/cart05" },
		{ "predicate": { "custom_model_data": 106}, "model": "item/carts/cart06" },
		{ "predicate": { "custom_model_data": 107}, "model": "item/carts/cart07" },
		{ "predicate": { "custom_model_data": 108}, "model": "item/carts/cart08" },
		{ "predicate": { "custom_model_data": 109}, "model": "item/carts/cart09" }
	]
}
