{
	"credit": "Made with Blockbench",
	"texture_size": [64, 64],
	"textures": {
		"0": "block/purpur_pillar",
		"particle": "block/purpur_pillar"
	},
	"elements": [
		{
			"from": [0, 0, 0],
			"to": [16, 1, 16],
			"faces": {
				"north": {"uv": [7.5, 1, 11.5, 1.25], "texture": "#0"},
				"east": {"uv": [7.5, 1.25, 11.5, 1.5], "texture": "#0"},
				"south": {"uv": [7.5, 3.75, 11.5, 4], "texture": "#0"},
				"west": {"uv": [7.5, 4, 11.5, 4.25], "texture": "#0"},
				"up": {"uv": [4, 4, 0, 0], "texture": "#0"},
				"down": {"uv": [4, 4, 0, 8], "texture": "#0"}
			}
		},
		{
			"from": [5, 1, 4],
			"to": [11, 2, 12],
			"faces": {
				"north": {"uv": [8.75, 6, 10.25, 6.25], "texture": "#0"},
				"east": {"uv": [7.5, 4.25, 9.5, 4.5], "texture": "#0"},
				"south": {"uv": [8.75, 6.25, 10.25, 6.5], "texture": "#0"},
				"west": {"uv": [8.5, 1.5, 10.5, 1.75], "texture": "#0"},
				"up": {"uv": [5.5, 2, 4, 0], "texture": "#0"},
				"down": {"uv": [5.5, 2, 4, 4], "texture": "#0"}
			}
		},
		{
			"from": [4, 1, 5],
			"to": [12, 2, 11],
			"faces": {
				"north": {"uv": [8.5, 1.75, 10.5, 2], "texture": "#0"},
				"east": {"uv": [8.75, 6.5, 10.25, 6.75], "texture": "#0"},
				"south": {"uv": [8.5, 2, 10.5, 2.25], "texture": "#0"},
				"west": {"uv": [6.75, 8.75, 8.25, 9], "texture": "#0"},
				"up": {"uv": [6, 5.5, 4, 4], "texture": "#0"},
				"down": {"uv": [7.5, 0, 5.5, 1.5], "texture": "#0"}
			}
		},
		{
			"from": [5, 2, 5],
			"to": [11, 3, 11],
			"faces": {
				"north": {"uv": [8.75, 6.75, 10.25, 7], "texture": "#0"},
				"east": {"uv": [8.75, 7, 10.25, 7.25], "texture": "#0"},
				"south": {"uv": [8.75, 7.25, 10.25, 7.5], "texture": "#0"},
				"west": {"uv": [8.75, 7.5, 10.25, 7.75], "texture": "#0"},
				"up": {"uv": [7, 3, 5.5, 1.5], "texture": "#0"},
				"down": {"uv": [5.5, 5.5, 4, 7], "texture": "#0"}
			}
		},
		{
			"from": [6.25, 3, 6.25],
			"to": [9.75, 3.5, 9.75],
			"faces": {
				"north": {"uv": [9.75, 8.75, 10.625, 8.875], "texture": "#0"},
				"east": {"uv": [9.75, 9, 10.625, 9.125], "texture": "#0"},
				"south": {"uv": [9.75, 9.25, 10.625, 9.375], "texture": "#0"},
				"west": {"uv": [9.5, 9.75, 10.375, 9.875], "texture": "#0"},
				"up": {"uv": [1.875, 8.875, 1, 8], "texture": "#0"},
				"down": {"uv": [2.875, 8, 2, 8.875], "texture": "#0"}
			}
		},
		{
			"from": [7, 3.5, 7],
			"to": [9, 6.5, 9],
			"faces": {
				"north": {"uv": [5.5, 3, 6, 3.75], "texture": "#0"},
				"east": {"uv": [8.75, 7.75, 9.25, 8.5], "texture": "#0"},
				"south": {"uv": [8.25, 8.75, 8.75, 9.5], "texture": "#0"},
				"west": {"uv": [8.75, 8.5, 9.25, 9.25], "texture": "#0"},
				"up": {"uv": [9.5, 3.75, 9, 3.25], "texture": "#0"},
				"down": {"uv": [7.25, 9, 6.75, 9.5], "texture": "#0"}
			}
		},
		{
			"from": [6, 6.5, 6],
			"to": [10, 7.5, 10],
			"faces": {
				"north": {"uv": [7.25, 9, 8.25, 9.25], "texture": "#0"},
				"east": {"uv": [0, 9.25, 1, 9.5], "texture": "#0"},
				"south": {"uv": [1, 9.25, 2, 9.5], "texture": "#0"},
				"west": {"uv": [3.75, 9.25, 4.75, 9.5], "texture": "#0"},
				"up": {"uv": [7, 5.5, 6, 4.5], "texture": "#0"},
				"down": {"uv": [1, 8, 0, 9], "texture": "#0"}
			}
		},
		{
			"from": [6, 7.5, 5],
			"to": [10, 8.5, 11],
			"faces": {
				"north": {"uv": [4.75, 9.25, 5.75, 9.5], "texture": "#0"},
				"east": {"uv": [0, 9, 1.5, 9.25], "texture": "#0"},
				"south": {"uv": [5.75, 9.25, 6.75, 9.5], "texture": "#0"},
				"west": {"uv": [9, 0, 10.5, 0.25], "texture": "#0"},
				"up": {"uv": [8, 7.25, 7, 5.75], "texture": "#0"},
				"down": {"uv": [8, 7.25, 7, 8.75], "texture": "#0"}
			}
		},
		{
			"from": [5, 7.5, 6],
			"to": [11, 8.5, 10],
			"faces": {
				"north": {"uv": [9, 0.25, 10.5, 0.5], "texture": "#0"},
				"east": {"uv": [7.25, 9.25, 8.25, 9.5], "texture": "#0"},
				"south": {"uv": [9, 0.5, 10.5, 0.75], "texture": "#0"},
				"west": {"uv": [9.25, 7.75, 10.25, 8], "texture": "#0"},
				"up": {"uv": [9, 1, 7.5, 0], "texture": "#0"},
				"down": {"uv": [9, 2.75, 7.5, 3.75], "texture": "#0"}
			}
		},
		{
			"from": [5, 8.5, 5],
			"to": [11, 13.5, 11],
			"faces": {
				"north": {"uv": [7, 1.5, 8.5, 2.75], "texture": "#0"},
				"east": {"uv": [4, 7, 5.5, 8.25], "texture": "#0"},
				"south": {"uv": [7, 4.5, 8.5, 5.75], "texture": "#0"},
				"west": {"uv": [5.5, 7, 7, 8.25], "texture": "#0"},
				"up": {"uv": [7, 7, 5.5, 5.5], "texture": "#0"},
				"down": {"uv": [7.5, 3, 6, 4.5], "texture": "#0"}
			}
		},
		{
			"from": [4.5, 13.25, 10.5],
			"to": [11.5, 14.25, 11.5],
			"faces": {
				"north": {"uv": [8.5, 2.25, 10.25, 2.5], "texture": "#0"},
				"east": {"uv": [3.75, 8, 4, 8.25], "texture": "#0"},
				"south": {"uv": [8.5, 2.5, 10.25, 2.75], "texture": "#0"},
				"west": {"uv": [10.25, 6.5, 10.5, 6.75], "texture": "#0"},
				"up": {"uv": [10.25, 4.75, 8.5, 4.5], "texture": "#0"},
				"down": {"uv": [10.25, 4.75, 8.5, 5], "texture": "#0"}
			}
		},
		{
			"from": [4.5, 13.25, 4.5],
			"to": [11.5, 14.25, 5.5],
			"faces": {
				"north": {"uv": [8.5, 5, 10.25, 5.25], "texture": "#0"},
				"east": {"uv": [10.25, 6.75, 10.5, 7], "texture": "#0"},
				"south": {"uv": [8.5, 5.25, 10.25, 5.5], "texture": "#0"},
				"west": {"uv": [10.25, 7, 10.5, 7.25], "texture": "#0"},
				"up": {"uv": [10.25, 5.75, 8.5, 5.5], "texture": "#0"},
				"down": {"uv": [10.5, 5.75, 8.75, 6], "texture": "#0"}
			}
		},
		{
			"from": [4.5, 13.25, 5.5],
			"to": [5.5, 14.25, 10.5],
			"faces": {
				"north": {"uv": [10.25, 7.25, 10.5, 7.5], "texture": "#0"},
				"east": {"uv": [9, 0.75, 10.25, 1], "texture": "#0"},
				"south": {"uv": [10.25, 7.5, 10.5, 7.75], "texture": "#0"},
				"west": {"uv": [1.5, 9, 2.75, 9.25], "texture": "#0"},
				"up": {"uv": [3, 10.25, 2.75, 9], "texture": "#0"},
				"down": {"uv": [3.25, 9, 3, 10.25], "texture": "#0"}
			}
		},
		{
			"from": [10.5, 13.25, 5.5],
			"to": [11.5, 14.25, 10.5],
			"faces": {
				"north": {"uv": [10.25, 7.75, 10.5, 8], "texture": "#0"},
				"east": {"uv": [9, 2.75, 10.25, 3], "texture": "#0"},
				"south": {"uv": [8.75, 10.25, 9, 10.5], "texture": "#0"},
				"west": {"uv": [9, 3, 10.25, 3.25], "texture": "#0"},
				"up": {"uv": [3.5, 10.25, 3.25, 9], "texture": "#0"},
				"down": {"uv": [3.75, 9, 3.5, 10.25], "texture": "#0"}
			}
		},
		{
			"from": [10.5, 9.25, 6.75],
			"to": [11.25, 13.25, 9.25],
			"faces": {
				"north": {"uv": [2, 9.25, 2.25, 10.25], "texture": "#0"},
				"east": {"uv": [3, 8, 3.625, 9], "texture": "#0"},
				"south": {"uv": [2.25, 9.25, 2.5, 10.25], "texture": "#0"},
				"west": {"uv": [8, 5.75, 8.625, 6.75], "texture": "#0"},
				"up": {"uv": [0.5, 10.375, 0.25, 9.75], "texture": "#0"},
				"down": {"uv": [0.75, 9.75, 0.5, 10.375], "texture": "#0"}
			}
		},
		{
			"from": [4.75, 9.25, 6.75],
			"to": [5.5, 13.25, 9.25],
			"faces": {
				"north": {"uv": [2.5, 9.25, 2.75, 10.25], "texture": "#0"},
				"east": {"uv": [8, 6.75, 8.625, 7.75], "texture": "#0"},
				"south": {"uv": [9.25, 8, 9.5, 9], "texture": "#0"},
				"west": {"uv": [8, 7.75, 8.625, 8.75], "texture": "#0"},
				"up": {"uv": [1, 10.375, 0.75, 9.75], "texture": "#0"},
				"down": {"uv": [1.25, 9.75, 1, 10.375], "texture": "#0"}
			}
		},
		{
			"from": [6.75, 9.25, 4.75],
			"to": [9.25, 13.25, 5.5],
			"faces": {
				"north": {"uv": [3.75, 8.25, 4.375, 9.25], "texture": "#0"},
				"east": {"uv": [8.75, 9.25, 9, 10.25], "texture": "#0"},
				"south": {"uv": [4.5, 8.25, 5.125, 9.25], "texture": "#0"},
				"west": {"uv": [9, 9.25, 9.25, 10.25], "texture": "#0"},
				"up": {"uv": [4.375, 10, 3.75, 9.75], "texture": "#0"},
				"down": {"uv": [5.125, 9.75, 4.5, 10], "texture": "#0"}
			}
		},
		{
			"from": [6.25, 12.25, 4.5],
			"to": [9.75, 13.25, 5.5],
			"faces": {
				"north": {"uv": [0.25, 9.5, 1.125, 9.75], "texture": "#0"},
				"east": {"uv": [9, 10.25, 9.25, 10.5], "texture": "#0"},
				"south": {"uv": [9.5, 3.25, 10.375, 3.5], "texture": "#0"},
				"west": {"uv": [10.25, 9.5, 10.5, 9.75], "texture": "#0"},
				"up": {"uv": [10.375, 3.75, 9.5, 3.5], "texture": "#0"},
				"down": {"uv": [4.625, 9.5, 3.75, 9.75], "texture": "#0"}
			}
		},
		{
			"from": [6.25, 12.25, 10.5],
			"to": [9.75, 13.25, 11.5],
			"faces": {
				"north": {"uv": [9.5, 4.25, 10.375, 4.5], "texture": "#0"},
				"east": {"uv": [10, 10.25, 10.25, 10.5], "texture": "#0"},
				"south": {"uv": [4.75, 9.5, 5.625, 9.75], "texture": "#0"},
				"west": {"uv": [10.25, 10.25, 10.5, 10.5], "texture": "#0"},
				"up": {"uv": [6.625, 9.75, 5.75, 9.5], "texture": "#0"},
				"down": {"uv": [7.625, 9.5, 6.75, 9.75], "texture": "#0"}
			}
		},
		{
			"from": [10.5, 12.25, 6.25],
			"to": [11.5, 13.25, 9.75],
			"faces": {
				"north": {"uv": [0, 10.5, 0.25, 10.75], "texture": "#0"},
				"east": {"uv": [7.75, 9.5, 8.625, 9.75], "texture": "#0"},
				"south": {"uv": [10.5, 0, 10.75, 0.25], "texture": "#0"},
				"west": {"uv": [9.5, 8, 10.375, 8.25], "texture": "#0"},
				"up": {"uv": [1.5, 10.375, 1.25, 9.5], "texture": "#0"},
				"down": {"uv": [1.75, 9.5, 1.5, 10.375], "texture": "#0"}
			}
		},
		{
			"from": [4.5, 12.25, 6.25],
			"to": [5.5, 13.25, 9.75],
			"faces": {
				"north": {"uv": [0.25, 10.5, 0.5, 10.75], "texture": "#0"},
				"east": {"uv": [9.5, 8.25, 10.375, 8.5], "texture": "#0"},
				"south": {"uv": [10.5, 0.25, 10.75, 0.5], "texture": "#0"},
				"west": {"uv": [9.5, 8.5, 10.375, 8.75], "texture": "#0"},
				"up": {"uv": [2, 10.375, 1.75, 9.5], "texture": "#0"},
				"down": {"uv": [9.75, 8.75, 9.5, 9.625], "texture": "#0"}
			}
		},
		{
			"from": [3.775, 12.425, 7.35],
			"to": [5, 13.25, 8.65],
			"faces": {
				"north": {"uv": [0.5, 10.5, 0.75, 10.75], "texture": "#0"},
				"east": {"uv": [5.5, 3.75, 5.875, 4], "texture": "#0"},
				"south": {"uv": [10.5, 0.5, 10.75, 0.75], "texture": "#0"},
				"west": {"uv": [7, 2.75, 7.375, 3], "texture": "#0"},
				"up": {"uv": [7, 8.625, 6.75, 8.25], "texture": "#0"},
				"down": {"uv": [4, 10, 3.75, 10.375], "texture": "#0"}
			}
		},
		{
			"from": [2.525, 12.925, 7.4],
			"to": [4.25, 13.75, 8.6],
			"faces": {
				"north": {"uv": [9.75, 9.5, 10.125, 9.75], "texture": "#0"},
				"east": {"uv": [0.75, 10.5, 1, 10.75], "texture": "#0"},
				"south": {"uv": [4, 10, 4.375, 10.25], "texture": "#0"},
				"west": {"uv": [1, 10.5, 1.25, 10.75], "texture": "#0"},
				"up": {"uv": [4.875, 10.25, 4.5, 10], "texture": "#0"},
				"down": {"uv": [5.375, 10, 5, 10.25], "texture": "#0"}
			}
		},
		{
			"from": [2.025, 10.675, 7.525],
			"to": [3.025, 13.25, 8.475],
			"faces": {
				"north": {"uv": [6.75, 9.75, 7, 10.375], "texture": "#0"},
				"east": {"uv": [7, 9.75, 7.25, 10.375], "texture": "#0"},
				"south": {"uv": [7.25, 9.75, 7.5, 10.375], "texture": "#0"},
				"west": {"uv": [7.5, 9.75, 7.75, 10.375], "texture": "#0"},
				"up": {"uv": [1.5, 10.75, 1.25, 10.5], "texture": "#0"},
				"down": {"uv": [1.75, 10.5, 1.5, 10.75], "texture": "#0"}
			}
		},
		{
			"from": [2.5, 9.425, 7.6],
			"to": [3.525, 10.825, 8.4],
			"faces": {
				"north": {"uv": [5.5, 10, 5.75, 10.375], "texture": "#0"},
				"east": {"uv": [5.75, 10, 6, 10.375], "texture": "#0"},
				"south": {"uv": [6, 10, 6.25, 10.375], "texture": "#0"},
				"west": {"uv": [6.25, 10, 6.5, 10.375], "texture": "#0"},
				"up": {"uv": [10.75, 1.75, 10.5, 1.5], "texture": "#0"},
				"down": {"uv": [2, 10.5, 1.75, 10.75], "texture": "#0"}
			}
		},
		{
			"from": [3.075, 8.125, 7.625],
			"to": [4.1, 9.475, 8.375],
			"faces": {
				"north": {"uv": [6.5, 10, 6.75, 10.375], "texture": "#0"},
				"east": {"uv": [9.25, 10, 9.5, 10.375], "texture": "#0"},
				"south": {"uv": [9.5, 10, 9.75, 10.375], "texture": "#0"},
				"west": {"uv": [9.75, 10, 10, 10.375], "texture": "#0"},
				"up": {"uv": [10.75, 2, 10.5, 1.75], "texture": "#0"},
				"down": {"uv": [10.75, 2, 10.5, 2.25], "texture": "#0"}
			}
		},
		{
			"from": [3.825, 7.85, 7.575],
			"to": [5.275, 8.45, 8.425],
			"faces": {
				"north": {"uv": [4.5, 10.5, 4.875, 10.625], "texture": "#0"},
				"east": {"uv": [5.5, 10.5, 5.75, 10.625], "texture": "#0"},
				"south": {"uv": [10.5, 4.75, 10.875, 4.875], "texture": "#0"},
				"west": {"uv": [10.5, 5.5, 10.75, 5.625], "texture": "#0"},
				"up": {"uv": [10.375, 10.25, 10, 10], "texture": "#0"},
				"down": {"uv": [10.625, 0.75, 10.25, 1], "texture": "#0"}
			}
		},
		{
			"from": [10.725, 7.85, 7.575],
			"to": [12.175, 8.45, 8.425],
			"rotation": {"angle": 0, "axis": "y", "origin": [16, 0, 0]},
			"faces": {
				"north": {"uv": [10.5, 5, 10.875, 5.125], "texture": "#0"},
				"east": {"uv": [5.75, 10.5, 6, 10.625], "texture": "#0"},
				"south": {"uv": [10.5, 5.25, 10.875, 5.375], "texture": "#0"},
				"west": {"uv": [10.5, 5.75, 10.75, 5.875], "texture": "#0"},
				"up": {"uv": [10.625, 6.25, 10.25, 6], "texture": "#0"},
				"down": {"uv": [10.625, 6.25, 10.25, 6.5], "texture": "#0"}
			}
		},
		{
			"from": [12.475, 9.425, 7.6],
			"to": [13.5, 10.825, 8.4],
			"rotation": {"angle": 0, "axis": "y", "origin": [16, 0, 0]},
			"faces": {
				"north": {"uv": [10.25, 4.75, 10.5, 5.125], "texture": "#0"},
				"east": {"uv": [5, 10.25, 5.25, 10.625], "texture": "#0"},
				"south": {"uv": [5.25, 10.25, 5.5, 10.625], "texture": "#0"},
				"west": {"uv": [10.25, 5.25, 10.5, 5.625], "texture": "#0"},
				"up": {"uv": [4.5, 10.75, 4.25, 10.5], "texture": "#0"},
				"down": {"uv": [10.75, 4.25, 10.5, 4.5], "texture": "#0"}
			}
		},
		{
			"from": [12.975, 10.675, 7.525],
			"to": [13.975, 13.25, 8.475],
			"rotation": {"angle": 0, "axis": "y", "origin": [16, 0, 0]},
			"faces": {
				"north": {"uv": [7.75, 9.75, 8, 10.375], "texture": "#0"},
				"east": {"uv": [8, 9.75, 8.25, 10.375], "texture": "#0"},
				"south": {"uv": [8.25, 9.75, 8.5, 10.375], "texture": "#0"},
				"west": {"uv": [8.5, 9.75, 8.75, 10.375], "texture": "#0"},
				"up": {"uv": [4, 10.75, 3.75, 10.5], "texture": "#0"},
				"down": {"uv": [4.25, 10.5, 4, 10.75], "texture": "#0"}
			}
		},
		{
			"from": [11.75, 12.925, 7.4],
			"to": [13.475, 13.75, 8.6],
			"rotation": {"angle": 0, "axis": "y", "origin": [16, 0, 0]},
			"faces": {
				"north": {"uv": [10.25, 3, 10.625, 3.25], "texture": "#0"},
				"east": {"uv": [10.5, 3.25, 10.75, 3.5], "texture": "#0"},
				"south": {"uv": [4, 10.25, 4.375, 10.5], "texture": "#0"},
				"west": {"uv": [10.5, 3.5, 10.75, 3.75], "texture": "#0"},
				"up": {"uv": [4.875, 10.5, 4.5, 10.25], "texture": "#0"},
				"down": {"uv": [10.625, 4.5, 10.25, 4.75], "texture": "#0"}
			}
		},
		{
			"from": [11, 12.425, 7.35],
			"to": [12.225, 13.25, 8.65],
			"rotation": {"angle": 0, "axis": "y", "origin": [16, 0, 0]},
			"faces": {
				"north": {"uv": [2.75, 10.5, 3, 10.75], "texture": "#0"},
				"east": {"uv": [2.75, 10.25, 3.125, 10.5], "texture": "#0"},
				"south": {"uv": [3, 10.5, 3.25, 10.75], "texture": "#0"},
				"west": {"uv": [10.25, 2.75, 10.625, 3], "texture": "#0"},
				"up": {"uv": [3.5, 10.625, 3.25, 10.25], "texture": "#0"},
				"down": {"uv": [3.75, 10.25, 3.5, 10.625], "texture": "#0"}
			}
		},
		{
			"from": [11.9, 8.125, 7.625],
			"to": [12.925, 9.475, 8.375],
			"rotation": {"angle": 0, "axis": "y", "origin": [16, 0, 0]},
			"faces": {
				"north": {"uv": [2, 10.25, 2.25, 10.625], "texture": "#0"},
				"east": {"uv": [2.25, 10.25, 2.5, 10.625], "texture": "#0"},
				"south": {"uv": [10.25, 2.25, 10.5, 2.625], "texture": "#0"},
				"west": {"uv": [2.5, 10.25, 2.75, 10.625], "texture": "#0"},
				"up": {"uv": [10.75, 2.5, 10.5, 2.25], "texture": "#0"},
				"down": {"uv": [10.75, 2.5, 10.5, 2.75], "texture": "#0"}
			}
		},
		{
			"from": [6.75, 9.25, 10.5],
			"to": [9.25, 13.25, 11.25],
			"faces": {
				"north": {"uv": [5.25, 8.25, 5.875, 9.25], "texture": "#0"},
				"east": {"uv": [9.25, 9, 9.5, 10], "texture": "#0"},
				"south": {"uv": [6, 8.25, 6.625, 9.25], "texture": "#0"},
				"west": {"uv": [0, 9.5, 0.25, 10.5], "texture": "#0"},
				"up": {"uv": [5.875, 10, 5.25, 9.75], "texture": "#0"},
				"down": {"uv": [6.625, 9.75, 6, 10], "texture": "#0"}
			}
		}
	],
	"display": {
		"thirdperson_righthand": {
			"scale": [0.6, 0.6, 0.6]
		},
		"thirdperson_lefthand": {
			"scale": [0.6, 0.6, 0.6]
		},
		"firstperson_righthand": {
			"rotation": [-9, 4, 0],
			"translation": [0, 2.25, 0],
			"scale": [0.52, 0.52, 0.52]
		},
		"firstperson_lefthand": {
			"rotation": [-9, 4, 0],
			"translation": [0, 2.25, 0],
			"scale": [0.52, 0.52, 0.52]
		},
		"ground": {
			"translation": [0, 3, 0]
		},
		"gui": {
			"rotation": [12, -9, 0],
			"translation": [0, 0.75, 0],
			"scale": [0.86, 0.86, 0.86]
		},
		"head": {
			"translation": [0, 11.5, 0],
			"scale": [0.74, 0.74, 0.74]
		},
		"fixed": {
			"translation": [0, 0, -1]
		}
	}
}