{
	"credit": "Made with Blockbench",
	"texture_size": [128, 128],
	"textures": {
		"0": "item/cart04",
		"particle": "item/cart04"
	},
	"elements": [
		{
			"from": [0.5, -3, 26],
			"to": [2.5, 1, 27.5],
			"rotation": {"angle": 0, "axis": "y", "origin": [7, -19, 0]},
			"faces": {
				"north": {"uv": [5, 10.5, 5.25, 11], "texture": "#0"},
				"east": {"uv": [9.375, 10.5, 9.5625, 11], "texture": "#0"},
				"south": {"uv": [5.25, 10.5, 5.5, 11], "texture": "#0"},
				"west": {"uv": [9.625, 10.5, 9.8125, 11], "texture": "#0"},
				"up": {"uv": [1, 11.5625, 0.75, 11.375], "texture": "#0"},
				"down": {"uv": [11.625, 0.75, 11.375, 0.9375], "texture": "#0"}
			}
		},
		{
			"from": [0.5, 0, 27.5],
			"to": [2.5, 1, 29.5],
			"rotation": {"angle": 0, "axis": "y", "origin": [7, -19, 0]},
			"faces": {
				"north": {"uv": [3.5, 11.625, 3.75, 11.75], "texture": "#0"},
				"east": {"uv": [11.625, 3.5, 11.875, 3.625], "texture": "#0"},
				"south": {"uv": [11.625, 3.625, 11.875, 3.75], "texture": "#0"},
				"west": {"uv": [3.75, 11.625, 4, 11.75], "texture": "#0"},
				"up": {"uv": [11.125, 3.625, 10.875, 3.375], "texture": "#0"},
				"down": {"uv": [4.25, 10.875, 4, 11.125], "texture": "#0"}
			}
		},
		{
			"from": [-1.5, 0, 26],
			"to": [0.5, 1, 27.5],
			"rotation": {"angle": 0, "axis": "y", "origin": [7, -19, 0]},
			"faces": {
				"north": {"uv": [4, 11.625, 4.25, 11.75], "texture": "#0"},
				"east": {"uv": [11.625, 10.625, 11.8125, 10.75], "texture": "#0"},
				"south": {"uv": [11.625, 4, 11.875, 4.125], "texture": "#0"},
				"west": {"uv": [11.625, 10.75, 11.8125, 10.875], "texture": "#0"},
				"up": {"uv": [1.25, 11.5625, 1, 11.375], "texture": "#0"},
				"down": {"uv": [11.625, 1, 11.375, 1.1875], "texture": "#0"}
			}
		},
		{
			"from": [12.5, 0, 27.5],
			"to": [14.5, 1, 29.5],
			"rotation": {"angle": 0, "axis": "y", "origin": [23, -19, 0]},
			"faces": {
				"north": {"uv": [11.625, 4.375, 11.875, 4.5], "texture": "#0"},
				"east": {"uv": [11.625, 4.5, 11.875, 4.625], "texture": "#0"},
				"south": {"uv": [11.625, 4.625, 11.875, 4.75], "texture": "#0"},
				"west": {"uv": [11.625, 4.75, 11.875, 4.875], "texture": "#0"},
				"up": {"uv": [11.125, 4.75, 10.875, 4.5], "texture": "#0"},
				"down": {"uv": [11.125, 4.75, 10.875, 5], "texture": "#0"}
			}
		},
		{
			"from": [12.5, -3, 26],
			"to": [14.5, 1, 27.5],
			"rotation": {"angle": 0, "axis": "y", "origin": [23, -19, 0]},
			"faces": {
				"north": {"uv": [10.5, 5.25, 10.75, 5.75], "texture": "#0"},
				"east": {"uv": [0, 10.625, 0.1875, 11.125], "texture": "#0"},
				"south": {"uv": [5.5, 10.5, 5.75, 11], "texture": "#0"},
				"west": {"uv": [0.25, 10.625, 0.4375, 11.125], "texture": "#0"},
				"up": {"uv": [11.625, 1.9375, 11.375, 1.75], "texture": "#0"},
				"down": {"uv": [11.625, 3.375, 11.375, 3.5625], "texture": "#0"}
			}
		},
		{
			"from": [14.5, 0, 26],
			"to": [16.5, 1, 27.5],
			"rotation": {"angle": 0, "axis": "y", "origin": [23, -19, 0]},
			"faces": {
				"north": {"uv": [11.625, 4.125, 11.875, 4.25], "texture": "#0"},
				"east": {"uv": [10.875, 11.625, 11.0625, 11.75], "texture": "#0"},
				"south": {"uv": [11.625, 4.25, 11.875, 4.375], "texture": "#0"},
				"west": {"uv": [11.625, 10.875, 11.8125, 11], "texture": "#0"},
				"up": {"uv": [11.625, 1.4375, 11.375, 1.25], "texture": "#0"},
				"down": {"uv": [11.625, 1.5, 11.375, 1.6875], "texture": "#0"}
			}
		},
		{
			"from": [12.5, 0, -13.5],
			"to": [14.5, 1, -11.5],
			"rotation": {"angle": 0, "axis": "y", "origin": [23, -19, 16]},
			"faces": {
				"north": {"uv": [9.875, 11.625, 10.125, 11.75], "texture": "#0"},
				"east": {"uv": [10.125, 11.625, 10.375, 11.75], "texture": "#0"},
				"south": {"uv": [11.625, 10.125, 11.875, 10.25], "texture": "#0"},
				"west": {"uv": [11.625, 10.25, 11.875, 10.375], "texture": "#0"},
				"up": {"uv": [11.125, 11.125, 10.875, 10.875], "texture": "#0"},
				"down": {"uv": [5.25, 11, 5, 11.25], "texture": "#0"}
			}
		},
		{
			"from": [12.5, -3, -11.5],
			"to": [14.5, 1, -10],
			"rotation": {"angle": 0, "axis": "y", "origin": [23, -19, 16]},
			"faces": {
				"north": {"uv": [6.625, 10.5, 6.875, 11], "texture": "#0"},
				"east": {"uv": [1, 10.625, 1.1875, 11.125], "texture": "#0"},
				"south": {"uv": [6.875, 10.5, 7.125, 11], "texture": "#0"},
				"west": {"uv": [3.75, 10.625, 3.9375, 11.125], "texture": "#0"},
				"up": {"uv": [10.5, 11.5625, 10.25, 11.375], "texture": "#0"},
				"down": {"uv": [10.75, 11.375, 10.5, 11.5625], "texture": "#0"}
			}
		},
		{
			"from": [14.5, 0, -11.5],
			"to": [16.5, 1, -10],
			"rotation": {"angle": 0, "axis": "y", "origin": [23, -19, 16]},
			"faces": {
				"north": {"uv": [6.875, 11.625, 7.125, 11.75], "texture": "#0"},
				"east": {"uv": [11.625, 11.125, 11.8125, 11.25], "texture": "#0"},
				"south": {"uv": [7.125, 11.625, 7.375, 11.75], "texture": "#0"},
				"west": {"uv": [11.625, 11.25, 11.8125, 11.375], "texture": "#0"},
				"up": {"uv": [11.625, 4.9375, 11.375, 4.75], "texture": "#0"},
				"down": {"uv": [11.625, 5, 11.375, 5.1875], "texture": "#0"}
			}
		},
		{
			"from": [0.5, -3, -11.5],
			"to": [2.5, 1, -10],
			"rotation": {"angle": 0, "axis": "y", "origin": [7, -19, 16]},
			"faces": {
				"north": {"uv": [5.75, 10.5, 6, 11], "texture": "#0"},
				"east": {"uv": [0.5, 10.625, 0.6875, 11.125], "texture": "#0"},
				"south": {"uv": [6, 10.5, 6.25, 11], "texture": "#0"},
				"west": {"uv": [0.75, 10.625, 0.9375, 11.125], "texture": "#0"},
				"up": {"uv": [11.625, 4.4375, 11.375, 4.25], "texture": "#0"},
				"down": {"uv": [11.625, 4.5, 11.375, 4.6875], "texture": "#0"}
			}
		},
		{
			"from": [-1.5, 0, -11.5],
			"to": [0.5, 1, -10],
			"rotation": {"angle": 0, "axis": "y", "origin": [7, -19, 16]},
			"faces": {
				"north": {"uv": [6.375, 11.625, 6.625, 11.75], "texture": "#0"},
				"east": {"uv": [11.625, 11, 11.8125, 11.125], "texture": "#0"},
				"south": {"uv": [6.625, 11.625, 6.875, 11.75], "texture": "#0"},
				"west": {"uv": [11.125, 11.625, 11.3125, 11.75], "texture": "#0"},
				"up": {"uv": [4, 11.5625, 3.75, 11.375], "texture": "#0"},
				"down": {"uv": [4.25, 11.375, 4, 11.5625], "texture": "#0"}
			}
		},
		{
			"from": [0.5, 0, -13.5],
			"to": [2.5, 1, -11.5],
			"rotation": {"angle": 0, "axis": "y", "origin": [7, -19, 16]},
			"faces": {
				"north": {"uv": [11.625, 4.875, 11.875, 5], "texture": "#0"},
				"east": {"uv": [11.625, 5, 11.875, 5.125], "texture": "#0"},
				"south": {"uv": [11.625, 5.125, 11.875, 5.25], "texture": "#0"},
				"west": {"uv": [5.75, 11.625, 6, 11.75], "texture": "#0"},
				"up": {"uv": [11.125, 5.25, 10.875, 5], "texture": "#0"},
				"down": {"uv": [11.125, 10.625, 10.875, 10.875], "texture": "#0"}
			}
		},
		{
			"from": [2, -10, -10],
			"to": [13, -9, 26],
			"rotation": {"angle": 0, "axis": "y", "origin": [7, -19, 0]},
			"faces": {
				"north": {"uv": [10.25, 4, 11.625, 4.125], "texture": "#0"},
				"east": {"uv": [9.5, 2.125, 14, 2.25], "texture": "#0"},
				"south": {"uv": [10.25, 4.125, 11.625, 4.25], "texture": "#0"},
				"west": {"uv": [9.5, 2.25, 14, 2.375], "texture": "#0"},
				"up": {"uv": [1.375, 9.25, 0, 4.75], "texture": "#0"},
				"down": {"uv": [2.75, 4.75, 1.375, 9.25], "texture": "#0"}
			}
		},
		{
			"from": [2, -10, -10],
			"to": [4, 2, 26],
			"rotation": {"angle": 22.5, "axis": "z", "origin": [2, -10, 0]},
			"faces": {
				"north": {"uv": [9.5, 2.875, 9.75, 4.375], "texture": "#0"},
				"east": {"uv": [3.25, 0, 7.75, 1.5], "texture": "#0"},
				"south": {"uv": [9.75, 2.875, 10, 4.375], "texture": "#0"},
				"west": {"uv": [3.25, 1.5, 7.75, 3], "texture": "#0"},
				"up": {"uv": [9.5, 4.5, 9.25, 0], "texture": "#0"},
				"down": {"uv": [1.625, 9.25, 1.375, 13.75], "texture": "#0"}
			}
		},
		{
			"from": [4, -10, -10],
			"to": [5, 1, 26],
			"rotation": {"angle": 22.5, "axis": "z", "origin": [2, -10, 0]},
			"faces": {
				"north": {"uv": [6.375, 10.25, 6.5, 11.625], "texture": "#0"},
				"east": {"uv": [2.75, 6, 7.25, 7.375], "texture": "#0"},
				"south": {"uv": [6.5, 10.25, 6.625, 11.625], "texture": "#0"},
				"west": {"uv": [7.25, 6, 11.75, 7.375], "texture": "#0"},
				"up": {"uv": [2.5, 13.75, 2.375, 9.25], "texture": "#0"},
				"down": {"uv": [2.625, 9.25, 2.5, 13.75], "texture": "#0"}
			}
		},
		{
			"from": [13.125, -15.75, -10],
			"to": [14.125, -3.75, 26],
			"rotation": {"angle": -22.5, "axis": "z", "origin": [28, -10, 0]},
			"faces": {
				"north": {"uv": [4.75, 10.25, 4.875, 11.75], "texture": "#0"},
				"east": {"uv": [3.25, 3, 7.75, 4.5], "texture": "#0"},
				"south": {"uv": [4.875, 10.25, 5, 11.75], "texture": "#0"},
				"west": {"uv": [3.25, 4.5, 7.75, 6], "texture": "#0"},
				"up": {"uv": [2.25, 13.75, 2.125, 9.25], "texture": "#0"},
				"down": {"uv": [2.375, 9.25, 2.25, 13.75], "texture": "#0"}
			}
		},
		{
			"from": [2, -10, -10],
			"to": [13, 2, -9],
			"rotation": {"angle": -22.5, "axis": "x", "origin": [7, -10, -10]},
			"faces": {
				"north": {"uv": [7.75, 4.5, 9.125, 6], "texture": "#0"},
				"east": {"uv": [2.625, 9.25, 2.75, 10.75], "texture": "#0"},
				"south": {"uv": [3.25, 8.75, 4.625, 10.25], "texture": "#0"},
				"west": {"uv": [4.375, 10.25, 4.5, 11.75], "texture": "#0"},
				"up": {"uv": [6.375, 10.375, 5, 10.25], "texture": "#0"},
				"down": {"uv": [11.625, 10.125, 10.25, 10.25], "texture": "#0"}
			}
		},
		{
			"from": [2, -10, 25],
			"to": [13, 2, 26],
			"rotation": {"angle": 22.5, "axis": "x", "origin": [7, -10, 26]},
			"faces": {
				"north": {"uv": [4.625, 8.75, 6, 10.25], "texture": "#0"},
				"east": {"uv": [4.5, 10.25, 4.625, 11.75], "texture": "#0"},
				"south": {"uv": [6, 8.75, 7.375, 10.25], "texture": "#0"},
				"west": {"uv": [4.625, 10.25, 4.75, 11.75], "texture": "#0"},
				"up": {"uv": [11.625, 10.375, 10.25, 10.25], "texture": "#0"},
				"down": {"uv": [6.375, 10.375, 5, 10.5], "texture": "#0"}
			}
		},
		{
			"from": [2, -10, 23],
			"to": [13, 1, 25],
			"rotation": {"angle": 22.5, "axis": "x", "origin": [7, -10, 26]},
			"faces": {
				"north": {"uv": [7.375, 8.75, 8.75, 10.125], "texture": "#0"},
				"east": {"uv": [10, 2.875, 10.25, 4.25], "texture": "#0"},
				"south": {"uv": [8.75, 8.75, 10.125, 10.125], "texture": "#0"},
				"west": {"uv": [8.375, 10.125, 8.625, 11.5], "texture": "#0"},
				"up": {"uv": [11.375, 4.5, 10, 4.25], "texture": "#0"},
				"down": {"uv": [10, 10.125, 8.625, 10.375], "texture": "#0"}
			}
		},
		{
			"from": [10.0625, -10, -10],
			"to": [12.0625, 1, 26],
			"rotation": {"angle": -22.5, "axis": "z", "origin": [14, -10, 16]},
			"faces": {
				"north": {"uv": [3.25, 10.25, 3.5, 11.625], "texture": "#0"},
				"east": {"uv": [2.75, 7.375, 7.25, 8.75], "texture": "#0"},
				"south": {"uv": [3.5, 10.25, 3.75, 11.625], "texture": "#0"},
				"west": {"uv": [7.25, 7.375, 11.75, 8.75], "texture": "#0"},
				"up": {"uv": [1.875, 13.75, 1.625, 9.25], "texture": "#0"},
				"down": {"uv": [2.125, 9.25, 1.875, 13.75], "texture": "#0"}
			}
		},
		{
			"from": [2, -10, -9],
			"to": [13, 1, -7],
			"rotation": {"angle": -22.5, "axis": "x", "origin": [9, -10, -10]},
			"faces": {
				"north": {"uv": [9.125, 4.5, 10.5, 5.875], "texture": "#0"},
				"east": {"uv": [10.125, 8.75, 10.375, 10.125], "texture": "#0"},
				"south": {"uv": [0, 9.25, 1.375, 10.625], "texture": "#0"},
				"west": {"uv": [10, 10.125, 10.25, 11.5], "texture": "#0"},
				"up": {"uv": [11.625, 3.125, 10.25, 2.875], "texture": "#0"},
				"down": {"uv": [11.625, 3.125, 10.25, 3.375], "texture": "#0"}
			}
		},
		{
			"from": [14, 1, -10],
			"to": [18, 2, 26],
			"rotation": {"angle": 0, "axis": "y", "origin": [7, -19, 0]},
			"faces": {
				"north": {"uv": [2.75, 5.875, 3.25, 6], "texture": "#0"},
				"east": {"uv": [9.5, 2.375, 14, 2.5], "texture": "#0"},
				"south": {"uv": [9.5, 4.375, 10, 4.5], "texture": "#0"},
				"west": {"uv": [9.5, 2.5, 14, 2.625], "texture": "#0"},
				"up": {"uv": [8.25, 4.5, 7.75, 0], "texture": "#0"},
				"down": {"uv": [8.75, 0, 8.25, 4.5], "texture": "#0"}
			}
		},
		{
			"from": [-3, 1, -10],
			"to": [1, 2, 26],
			"rotation": {"angle": 0, "axis": "y", "origin": [7, -19, 0]},
			"faces": {
				"north": {"uv": [10.5, 5.75, 11, 5.875], "texture": "#0"},
				"east": {"uv": [9.5, 2.625, 14, 2.75], "texture": "#0"},
				"south": {"uv": [10.75, 5.625, 11.25, 5.75], "texture": "#0"},
				"west": {"uv": [9.5, 2.75, 14, 2.875], "texture": "#0"},
				"up": {"uv": [9.25, 4.5, 8.75, 0], "texture": "#0"},
				"down": {"uv": [3.25, 8.75, 2.75, 13.25], "texture": "#0"}
			}
		},
		{
			"from": [2, 1, -15],
			"to": [13, 2, -11],
			"rotation": {"angle": 0, "axis": "y", "origin": [7, -19, 0]},
			"faces": {
				"north": {"uv": [8.625, 10.375, 10, 10.5], "texture": "#0"},
				"east": {"uv": [10.75, 9.875, 11.25, 10], "texture": "#0"},
				"south": {"uv": [10.375, 8.75, 11.75, 8.875], "texture": "#0"},
				"west": {"uv": [10.75, 10, 11.25, 10.125], "texture": "#0"},
				"up": {"uv": [10.875, 0.5, 9.5, 0], "texture": "#0"},
				"down": {"uv": [10.875, 0.5, 9.5, 1], "texture": "#0"}
			}
		},
		{
			"from": [2, 1, 26.75],
			"to": [13, 2, 30.75],
			"rotation": {"angle": 0, "axis": "y", "origin": [7, -19, 0]},
			"faces": {
				"north": {"uv": [10.375, 8.875, 11.75, 9], "texture": "#0"},
				"east": {"uv": [10.875, 1.75, 11.375, 1.875], "texture": "#0"},
				"south": {"uv": [10.375, 9, 11.75, 9.125], "texture": "#0"},
				"west": {"uv": [10.875, 1.875, 11.375, 2], "texture": "#0"},
				"up": {"uv": [10.875, 1.5, 9.5, 1], "texture": "#0"},
				"down": {"uv": [10.875, 1.5, 9.5, 2], "texture": "#0"}
			}
		},
		{
			"from": [13, 1, 25.75],
			"to": [16, 2, 28.75],
			"rotation": {"angle": 0, "axis": "y", "origin": [7, -19, 0]},
			"faces": {
				"north": {"uv": [10.875, 3.625, 11.25, 3.75], "texture": "#0"},
				"east": {"uv": [11, 5.75, 11.375, 5.875], "texture": "#0"},
				"south": {"uv": [11.25, 3.625, 11.625, 3.75], "texture": "#0"},
				"west": {"uv": [10.25, 11.25, 10.625, 11.375], "texture": "#0"},
				"up": {"uv": [3.125, 5.125, 2.75, 4.75], "texture": "#0"},
				"down": {"uv": [3.125, 5.125, 2.75, 5.5], "texture": "#0"}
			}
		},
		{
			"from": [13, 1, 28.75],
			"to": [15, 2, 29.75],
			"rotation": {"angle": 0, "axis": "y", "origin": [7, -19, 0]},
			"faces": {
				"north": {"uv": [11, 5.5, 11.25, 5.625], "texture": "#0"},
				"east": {"uv": [3.125, 5.75, 3.25, 5.875], "texture": "#0"},
				"south": {"uv": [9.875, 11.5, 10.125, 11.625], "texture": "#0"},
				"west": {"uv": [10.75, 11, 10.875, 11.125], "texture": "#0"},
				"up": {"uv": [11.75, 10, 11.5, 9.875], "texture": "#0"},
				"down": {"uv": [11.75, 10, 11.5, 10.125], "texture": "#0"}
			}
		},
		{
			"from": [16, 1, 25.75],
			"to": [17, 2, 27.75],
			"rotation": {"angle": 0, "axis": "y", "origin": [7, -19, 0]},
			"faces": {
				"north": {"uv": [10.625, 11.25, 10.75, 11.375], "texture": "#0"},
				"east": {"uv": [11.5, 11.375, 11.75, 11.5], "texture": "#0"},
				"south": {"uv": [10.125, 11.5, 10.25, 11.625], "texture": "#0"},
				"west": {"uv": [11.5, 11.5, 11.75, 11.625], "texture": "#0"},
				"up": {"uv": [3.25, 5, 3.125, 4.75], "texture": "#0"},
				"down": {"uv": [3.25, 5, 3.125, 5.25], "texture": "#0"}
			}
		},
		{
			"from": [13, 1, -12.75],
			"to": [16, 2, -9.75],
			"rotation": {"angle": 0, "axis": "y", "origin": [7, -19, 16]},
			"faces": {
				"north": {"uv": [11.25, 10.375, 11.625, 10.5], "texture": "#0"},
				"east": {"uv": [11.25, 10.5, 11.625, 10.625], "texture": "#0"},
				"south": {"uv": [11.25, 11.125, 11.625, 11.25], "texture": "#0"},
				"west": {"uv": [11.25, 11.25, 11.625, 11.375], "texture": "#0"},
				"up": {"uv": [3.125, 5.875, 2.75, 5.5], "texture": "#0"},
				"down": {"uv": [10.75, 9.375, 10.375, 9.75], "texture": "#0"}
			}
		},
		{
			"from": [5, 1, -12.75],
			"to": [10, 3, -9.75],
			"rotation": {"angle": 0, "axis": "y", "origin": [7, -19, 16]},
			"faces": {
				"north": {"uv": [6.625, 10.25, 7.25, 10.5], "texture": "#0"},
				"east": {"uv": [4, 10.625, 4.375, 10.875], "texture": "#0"},
				"south": {"uv": [10.375, 9.125, 11, 9.375], "texture": "#0"},
				"west": {"uv": [10.625, 10.375, 11, 10.625], "texture": "#0"},
				"up": {"uv": [10.875, 3.75, 10.25, 3.375], "texture": "#0"},
				"down": {"uv": [4.375, 10.25, 3.75, 10.625], "texture": "#0"}
			}
		},
		{
			"from": [13, 1, -13.75],
			"to": [15, 2, -12.75],
			"rotation": {"angle": 0, "axis": "y", "origin": [7, -19, 16]},
			"faces": {
				"north": {"uv": [11.625, 0.875, 11.875, 1], "texture": "#0"},
				"east": {"uv": [2.625, 11.75, 2.75, 11.875], "texture": "#0"},
				"south": {"uv": [1, 11.625, 1.25, 11.75], "texture": "#0"},
				"west": {"uv": [7.25, 11.75, 7.375, 11.875], "texture": "#0"},
				"up": {"uv": [11.875, 1.125, 11.625, 1], "texture": "#0"},
				"down": {"uv": [11.875, 1.125, 11.625, 1.25], "texture": "#0"}
			}
		},
		{
			"from": [16, 1, -11.75],
			"to": [17, 2, -9.75],
			"rotation": {"angle": 0, "axis": "y", "origin": [7, -19, 16]},
			"faces": {
				"north": {"uv": [4.25, 11.625, 4.375, 11.75], "texture": "#0"},
				"east": {"uv": [0.75, 11.625, 1, 11.75], "texture": "#0"},
				"south": {"uv": [6, 11.625, 6.125, 11.75], "texture": "#0"},
				"west": {"uv": [11.625, 0.75, 11.875, 0.875], "texture": "#0"},
				"up": {"uv": [3.25, 5.5, 3.125, 5.25], "texture": "#0"},
				"down": {"uv": [3.25, 5.5, 3.125, 5.75], "texture": "#0"}
			}
		},
		{
			"from": [-1, 1, 25.75],
			"to": [2, 2, 28.75],
			"rotation": {"angle": 0, "axis": "y", "origin": [23, -19, 0]},
			"faces": {
				"north": {"uv": [0, 11.375, 0.375, 11.5], "texture": "#0"},
				"east": {"uv": [11.375, 0, 11.75, 0.125], "texture": "#0"},
				"south": {"uv": [11.375, 0.125, 11.75, 0.25], "texture": "#0"},
				"west": {"uv": [11.375, 0.25, 11.75, 0.375], "texture": "#0"},
				"up": {"uv": [10.75, 10.125, 10.375, 9.75], "texture": "#0"},
				"down": {"uv": [10.625, 10.375, 10.25, 10.75], "texture": "#0"}
			}
		},
		{
			"from": [0, 1, 28.75],
			"to": [2, 2, 29.75],
			"rotation": {"angle": 0, "axis": "y", "origin": [23, -19, 0]},
			"faces": {
				"north": {"uv": [11.625, 1.5, 11.875, 1.625], "texture": "#0"},
				"east": {"uv": [8.625, 11.75, 8.75, 11.875], "texture": "#0"},
				"south": {"uv": [11.625, 1.625, 11.875, 1.75], "texture": "#0"},
				"west": {"uv": [11.75, 8.625, 11.875, 8.75], "texture": "#0"},
				"up": {"uv": [11.875, 1.875, 11.625, 1.75], "texture": "#0"},
				"down": {"uv": [11.875, 1.875, 11.625, 2], "texture": "#0"}
			}
		},
		{
			"from": [-2, 1, 25.75],
			"to": [-1, 2, 27.75],
			"rotation": {"angle": 0, "axis": "y", "origin": [23, -19, 0]},
			"faces": {
				"north": {"uv": [11.75, 8.375, 11.875, 8.5], "texture": "#0"},
				"east": {"uv": [11.625, 1.25, 11.875, 1.375], "texture": "#0"},
				"south": {"uv": [11.75, 8.5, 11.875, 8.625], "texture": "#0"},
				"west": {"uv": [11.625, 1.375, 11.875, 1.5], "texture": "#0"},
				"up": {"uv": [7.375, 10.5, 7.25, 10.25], "texture": "#0"},
				"down": {"uv": [6.375, 10.5, 6.25, 10.75], "texture": "#0"}
			}
		},
		{
			"from": [-1, 1, -12.75],
			"to": [2, 2, -9.75],
			"rotation": {"angle": 0, "axis": "y", "origin": [23, -19, 16]},
			"faces": {
				"north": {"uv": [0.375, 11.375, 0.75, 11.5], "texture": "#0"},
				"east": {"uv": [11.375, 0.375, 11.75, 0.5], "texture": "#0"},
				"south": {"uv": [11.375, 0.5, 11.75, 0.625], "texture": "#0"},
				"west": {"uv": [11.375, 0.625, 11.75, 0.75], "texture": "#0"},
				"up": {"uv": [10.875, 4.875, 10.5, 4.5], "texture": "#0"},
				"down": {"uv": [10.875, 4.875, 10.5, 5.25], "texture": "#0"}
			}
		},
		{
			"from": [0, 1, -13.75],
			"to": [2, 2, -12.75],
			"rotation": {"angle": 0, "axis": "y", "origin": [23, -19, 16]},
			"faces": {
				"north": {"uv": [11.625, 3.125, 11.875, 3.25], "texture": "#0"},
				"east": {"uv": [8.875, 11.75, 9, 11.875], "texture": "#0"},
				"south": {"uv": [3.25, 11.625, 3.5, 11.75], "texture": "#0"},
				"west": {"uv": [11.75, 8.875, 11.875, 9], "texture": "#0"},
				"up": {"uv": [11.875, 3.375, 11.625, 3.25], "texture": "#0"},
				"down": {"uv": [11.875, 3.375, 11.625, 3.5], "texture": "#0"}
			}
		},
		{
			"from": [-2, 1, -11.75],
			"to": [-1, 2, -9.75],
			"rotation": {"angle": 0, "axis": "y", "origin": [23, -19, 16]},
			"faces": {
				"north": {"uv": [8.75, 11.75, 8.875, 11.875], "texture": "#0"},
				"east": {"uv": [11.625, 2.875, 11.875, 3], "texture": "#0"},
				"south": {"uv": [11.75, 8.75, 11.875, 8.875], "texture": "#0"},
				"west": {"uv": [11.625, 3, 11.875, 3.125], "texture": "#0"},
				"up": {"uv": [10, 10.75, 9.875, 10.5], "texture": "#0"},
				"down": {"uv": [1.375, 10.625, 1.25, 10.875], "texture": "#0"}
			}
		},
		{
			"from": [1, 0.125, -11],
			"to": [14, 1.125, 27],
			"rotation": {"angle": 0, "axis": "y", "origin": [7, -19, 0]},
			"faces": {
				"north": {"uv": [10.25, 3.75, 11.875, 3.875], "texture": "#0"},
				"east": {"uv": [9.125, 5.875, 13.875, 6], "texture": "#0"},
				"south": {"uv": [10.25, 3.875, 11.875, 4], "texture": "#0"},
				"west": {"uv": [9.5, 2, 14.25, 2.125], "texture": "#0"},
				"up": {"uv": [1.625, 4.75, 0, 0], "texture": "#0"},
				"down": {"uv": [3.25, 0, 1.625, 4.75], "texture": "#0"}
			}
		},
		{
			"from": [15, 1.125, 7],
			"to": [16, 2.125, 8],
			"rotation": {"angle": 0, "axis": "y", "origin": [7, -19, 0]},
			"faces": {
				"north": {"uv": [9, 11.75, 9.125, 11.875], "texture": "#0"},
				"east": {"uv": [11.75, 9, 11.875, 9.125], "texture": "#0"},
				"south": {"uv": [9.125, 11.75, 9.25, 11.875], "texture": "#0"},
				"west": {"uv": [11.75, 9.125, 11.875, 9.25], "texture": "#0"},
				"up": {"uv": [9.375, 11.875, 9.25, 11.75], "texture": "#0"},
				"down": {"uv": [11.875, 9.25, 11.75, 9.375], "texture": "#0"}
			}
		},
		{
			"from": [14, 2.125, 5],
			"to": [15, 3.125, 6],
			"rotation": {"angle": 0, "axis": "y", "origin": [7, -19, 0]},
			"faces": {
				"north": {"uv": [9.375, 11.75, 9.5, 11.875], "texture": "#0"},
				"east": {"uv": [11.75, 9.375, 11.875, 9.5], "texture": "#0"},
				"south": {"uv": [9.5, 11.75, 9.625, 11.875], "texture": "#0"},
				"west": {"uv": [11.75, 9.5, 11.875, 9.625], "texture": "#0"},
				"up": {"uv": [9.75, 11.875, 9.625, 11.75], "texture": "#0"},
				"down": {"uv": [11.875, 9.625, 11.75, 9.75], "texture": "#0"}
			}
		},
		{
			"from": [7, 21.125, -6],
			"to": [8, 22.125, -5],
			"rotation": {"angle": 0, "axis": "y", "origin": [7, -19, 0]},
			"faces": {
				"north": {"uv": [11.875, 4, 12, 4.125], "texture": "#0"},
				"east": {"uv": [4.125, 11.875, 4.25, 12], "texture": "#0"},
				"south": {"uv": [11.875, 4.125, 12, 4.25], "texture": "#0"},
				"west": {"uv": [4.25, 11.875, 4.375, 12], "texture": "#0"},
				"up": {"uv": [12, 4.375, 11.875, 4.25], "texture": "#0"},
				"down": {"uv": [4.5, 11.875, 4.375, 12], "texture": "#0"}
			}
		},
		{
			"from": [6, 20.125, -6],
			"to": [9, 21.125, -5],
			"rotation": {"angle": 0, "axis": "y", "origin": [7, -19, 0]},
			"faces": {
				"north": {"uv": [11.375, 5.75, 11.75, 5.875], "texture": "#0"},
				"east": {"uv": [11.875, 4.375, 12, 4.5], "texture": "#0"},
				"south": {"uv": [11.5, 5.5, 11.875, 5.625], "texture": "#0"},
				"west": {"uv": [4.5, 11.875, 4.625, 12], "texture": "#0"},
				"up": {"uv": [11.875, 5.75, 11.5, 5.625], "texture": "#0"},
				"down": {"uv": [6.125, 11.5, 5.75, 11.625], "texture": "#0"}
			}
		},
		{
			"from": [6, 17.3125, -6.4375],
			"to": [7, 18.3125, -5.4375],
			"rotation": {"angle": 0, "axis": "y", "origin": [7, -19, 0]},
			"faces": {
				"north": {"uv": [8.75, 11.875, 8.875, 12], "texture": "#0"},
				"east": {"uv": [11.875, 8.75, 12, 8.875], "texture": "#0"},
				"south": {"uv": [8.875, 11.875, 9, 12], "texture": "#0"},
				"west": {"uv": [11.875, 8.875, 12, 9], "texture": "#0"},
				"up": {"uv": [9.125, 12, 9, 11.875], "texture": "#0"},
				"down": {"uv": [12, 9, 11.875, 9.125], "texture": "#0"}
			}
		},
		{
			"from": [7.75, 15.375, -7.4375],
			"to": [8.75, 16.375, -6.4375],
			"rotation": {"angle": 0, "axis": "y", "origin": [7, -19, 0]},
			"faces": {
				"north": {"uv": [9.125, 11.875, 9.25, 12], "texture": "#0"},
				"east": {"uv": [11.875, 9.125, 12, 9.25], "texture": "#0"},
				"south": {"uv": [9.25, 11.875, 9.375, 12], "texture": "#0"},
				"west": {"uv": [11.875, 9.25, 12, 9.375], "texture": "#0"},
				"up": {"uv": [9.5, 12, 9.375, 11.875], "texture": "#0"},
				"down": {"uv": [12, 9.375, 11.875, 9.5], "texture": "#0"}
			}
		},
		{
			"from": [8.875, 13.8125, -10.875],
			"to": [9.875, 14.8125, -9.875],
			"rotation": {"angle": 0, "axis": "y", "origin": [7, -19, 0]},
			"faces": {
				"north": {"uv": [9.5, 11.875, 9.625, 12], "texture": "#0"},
				"east": {"uv": [11.875, 9.5, 12, 9.625], "texture": "#0"},
				"south": {"uv": [9.625, 11.875, 9.75, 12], "texture": "#0"},
				"west": {"uv": [11.875, 9.625, 12, 9.75], "texture": "#0"},
				"up": {"uv": [9.875, 12, 9.75, 11.875], "texture": "#0"},
				"down": {"uv": [12, 9.75, 11.875, 9.875], "texture": "#0"}
			}
		},
		{
			"from": [9.5, 11.25, -13.875],
			"to": [10.5, 12.25, -12.875],
			"rotation": {"angle": 0, "axis": "y", "origin": [7, -19, 0]},
			"faces": {
				"north": {"uv": [10.25, 11.875, 10.375, 12], "texture": "#0"},
				"east": {"uv": [11.875, 10.25, 12, 10.375], "texture": "#0"},
				"south": {"uv": [10.375, 11.875, 10.5, 12], "texture": "#0"},
				"west": {"uv": [11.875, 10.375, 12, 10.5], "texture": "#0"},
				"up": {"uv": [10.625, 12, 10.5, 11.875], "texture": "#0"},
				"down": {"uv": [12, 10.5, 11.875, 10.625], "texture": "#0"}
			}
		},
		{
			"from": [9.875, 15.5625, -9.4375],
			"to": [10.875, 16.5625, -8.4375],
			"rotation": {"angle": 0, "axis": "y", "origin": [7, -19, 0]},
			"faces": {
				"north": {"uv": [9.875, 11.875, 10, 12], "texture": "#0"},
				"east": {"uv": [11.875, 9.875, 12, 10], "texture": "#0"},
				"south": {"uv": [10, 11.875, 10.125, 12], "texture": "#0"},
				"west": {"uv": [11.875, 10, 12, 10.125], "texture": "#0"},
				"up": {"uv": [10.25, 12, 10.125, 11.875], "texture": "#0"},
				"down": {"uv": [12, 10.125, 11.875, 10.25], "texture": "#0"}
			}
		},
		{
			"from": [7, 20.125, -5],
			"to": [8, 21.125, -4],
			"rotation": {"angle": 0, "axis": "y", "origin": [7, -19, 0]},
			"faces": {
				"north": {"uv": [11.875, 4.5, 12, 4.625], "texture": "#0"},
				"east": {"uv": [4.625, 11.875, 4.75, 12], "texture": "#0"},
				"south": {"uv": [11.875, 4.625, 12, 4.75], "texture": "#0"},
				"west": {"uv": [4.75, 11.875, 4.875, 12], "texture": "#0"},
				"up": {"uv": [12, 4.875, 11.875, 4.75], "texture": "#0"},
				"down": {"uv": [5, 11.875, 4.875, 12], "texture": "#0"}
			}
		},
		{
			"from": [5.5, 1.875, -9.75],
			"to": [6, 2.375, -9.25],
			"rotation": {"angle": 0, "axis": "y", "origin": [7, -19, 0]},
			"faces": {
				"north": {"uv": [11, 11.875, 11.0625, 11.9375], "texture": "#0"},
				"east": {"uv": [11.875, 11, 11.9375, 11.0625], "texture": "#0"},
				"south": {"uv": [11.125, 11.875, 11.1875, 11.9375], "texture": "#0"},
				"west": {"uv": [11.875, 11.125, 11.9375, 11.1875], "texture": "#0"},
				"up": {"uv": [11.3125, 11.9375, 11.25, 11.875], "texture": "#0"},
				"down": {"uv": [11.9375, 11.25, 11.875, 11.3125], "texture": "#0"}
			}
		},
		{
			"from": [5.5, 2.375, -9.5],
			"to": [6, 2.875, -9],
			"rotation": {"angle": 0, "axis": "y", "origin": [7, -19, 0]},
			"faces": {
				"north": {"uv": [11.375, 11.875, 11.4375, 11.9375], "texture": "#0"},
				"east": {"uv": [11.875, 11.375, 11.9375, 11.4375], "texture": "#0"},
				"south": {"uv": [11.5, 11.875, 11.5625, 11.9375], "texture": "#0"},
				"west": {"uv": [11.875, 11.5, 11.9375, 11.5625], "texture": "#0"},
				"up": {"uv": [11.6875, 11.9375, 11.625, 11.875], "texture": "#0"},
				"down": {"uv": [11.9375, 11.625, 11.875, 11.6875], "texture": "#0"}
			}
		},
		{
			"from": [5.5, 1.375, -9.5],
			"to": [6, 1.875, -9],
			"rotation": {"angle": 0, "axis": "y", "origin": [7, -19, 0]},
			"faces": {
				"north": {"uv": [11.75, 11.875, 11.8125, 11.9375], "texture": "#0"},
				"east": {"uv": [11.875, 11.75, 11.9375, 11.8125], "texture": "#0"},
				"south": {"uv": [11.875, 11.875, 11.9375, 11.9375], "texture": "#0"},
				"west": {"uv": [0, 12, 0.0625, 12.0625], "texture": "#0"},
				"up": {"uv": [12.0625, 0.0625, 12, 0], "texture": "#0"},
				"down": {"uv": [0.1875, 12, 0.125, 12.0625], "texture": "#0"}
			}
		},
		{
			"from": [5, 1.875, -9.5],
			"to": [5.5, 2.375, -9],
			"rotation": {"angle": 0, "axis": "y", "origin": [7, -19, 0]},
			"faces": {
				"north": {"uv": [12, 0.125, 12.0625, 0.1875], "texture": "#0"},
				"east": {"uv": [0.25, 12, 0.3125, 12.0625], "texture": "#0"},
				"south": {"uv": [12, 0.25, 12.0625, 0.3125], "texture": "#0"},
				"west": {"uv": [0.375, 12, 0.4375, 12.0625], "texture": "#0"},
				"up": {"uv": [12.0625, 0.4375, 12, 0.375], "texture": "#0"},
				"down": {"uv": [0.5625, 12, 0.5, 12.0625], "texture": "#0"}
			}
		},
		{
			"from": [6, 1.875, -9.5],
			"to": [6.5, 2.375, -9],
			"rotation": {"angle": 0, "axis": "y", "origin": [7, -19, 0]},
			"faces": {
				"north": {"uv": [12, 0.5, 12.0625, 0.5625], "texture": "#0"},
				"east": {"uv": [0.625, 12, 0.6875, 12.0625], "texture": "#0"},
				"south": {"uv": [12, 0.625, 12.0625, 0.6875], "texture": "#0"},
				"west": {"uv": [0.75, 12, 0.8125, 12.0625], "texture": "#0"},
				"up": {"uv": [12.0625, 0.8125, 12, 0.75], "texture": "#0"},
				"down": {"uv": [0.9375, 12, 0.875, 12.0625], "texture": "#0"}
			}
		},
		{
			"from": [9, 1.375, -9.5],
			"to": [9.5, 1.875, -9],
			"rotation": {"angle": 0, "axis": "y", "origin": [7, -19, 0]},
			"faces": {
				"north": {"uv": [3.75, 12, 3.8125, 12.0625], "texture": "#0"},
				"east": {"uv": [12, 3.75, 12.0625, 3.8125], "texture": "#0"},
				"south": {"uv": [3.875, 12, 3.9375, 12.0625], "texture": "#0"},
				"west": {"uv": [12, 3.875, 12.0625, 3.9375], "texture": "#0"},
				"up": {"uv": [4.0625, 12.0625, 4, 12], "texture": "#0"},
				"down": {"uv": [12.0625, 4, 12, 4.0625], "texture": "#0"}
			}
		},
		{
			"from": [9, 1.875, -9.75],
			"to": [9.5, 2.375, -9.25],
			"rotation": {"angle": 0, "axis": "y", "origin": [7, -19, 0]},
			"faces": {
				"north": {"uv": [3.375, 12, 3.4375, 12.0625], "texture": "#0"},
				"east": {"uv": [12, 3.375, 12.0625, 3.4375], "texture": "#0"},
				"south": {"uv": [3.5, 12, 3.5625, 12.0625], "texture": "#0"},
				"west": {"uv": [12, 3.5, 12.0625, 3.5625], "texture": "#0"},
				"up": {"uv": [3.6875, 12.0625, 3.625, 12], "texture": "#0"},
				"down": {"uv": [12.0625, 3.625, 12, 3.6875], "texture": "#0"}
			}
		},
		{
			"from": [8.5, 1.875, -9.5],
			"to": [9, 2.375, -9],
			"rotation": {"angle": 0, "axis": "y", "origin": [7, -19, 0]},
			"faces": {
				"north": {"uv": [2.625, 12, 2.6875, 12.0625], "texture": "#0"},
				"east": {"uv": [12, 2.875, 12.0625, 2.9375], "texture": "#0"},
				"south": {"uv": [12, 3, 12.0625, 3.0625], "texture": "#0"},
				"west": {"uv": [12, 3.125, 12.0625, 3.1875], "texture": "#0"},
				"up": {"uv": [3.3125, 12.0625, 3.25, 12], "texture": "#0"},
				"down": {"uv": [12.0625, 3.25, 12, 3.3125], "texture": "#0"}
			}
		},
		{
			"from": [9, 2.375, -9.5],
			"to": [9.5, 2.875, -9],
			"rotation": {"angle": 0, "axis": "y", "origin": [7, -19, 0]},
			"faces": {
				"north": {"uv": [12, 1.25, 12.0625, 1.3125], "texture": "#0"},
				"east": {"uv": [12, 1.375, 12.0625, 1.4375], "texture": "#0"},
				"south": {"uv": [12, 1.5, 12.0625, 1.5625], "texture": "#0"},
				"west": {"uv": [12, 1.625, 12.0625, 1.6875], "texture": "#0"},
				"up": {"uv": [12.0625, 1.8125, 12, 1.75], "texture": "#0"},
				"down": {"uv": [12.0625, 1.875, 12, 1.9375], "texture": "#0"}
			}
		},
		{
			"from": [9.5, 1.875, -9.5],
			"to": [10, 2.375, -9],
			"rotation": {"angle": 0, "axis": "y", "origin": [7, -19, 0]},
			"faces": {
				"north": {"uv": [12, 0.875, 12.0625, 0.9375], "texture": "#0"},
				"east": {"uv": [1, 12, 1.0625, 12.0625], "texture": "#0"},
				"south": {"uv": [12, 1, 12.0625, 1.0625], "texture": "#0"},
				"west": {"uv": [1.125, 12, 1.1875, 12.0625], "texture": "#0"},
				"up": {"uv": [12.0625, 1.1875, 12, 1.125], "texture": "#0"},
				"down": {"uv": [1.3125, 12, 1.25, 12.0625], "texture": "#0"}
			}
		},
		{
			"from": [7, 22, -5.125],
			"to": [8, 23, -4.125],
			"rotation": {"angle": 0, "axis": "y", "origin": [7, -19, 0]},
			"faces": {
				"north": {"uv": [5.375, 11.875, 5.5, 12], "texture": "#0"},
				"east": {"uv": [5.5, 11.875, 5.625, 12], "texture": "#0"},
				"south": {"uv": [11.875, 5.5, 12, 5.625], "texture": "#0"},
				"west": {"uv": [5.625, 11.875, 5.75, 12], "texture": "#0"},
				"up": {"uv": [12, 5.75, 11.875, 5.625], "texture": "#0"},
				"down": {"uv": [5.875, 11.875, 5.75, 12], "texture": "#0"}
			}
		},
		{
			"from": [7, 20.125, -7],
			"to": [8, 21.125, -6],
			"rotation": {"angle": 0, "axis": "y", "origin": [7, -19, 0]},
			"faces": {
				"north": {"uv": [11.875, 4.875, 12, 5], "texture": "#0"},
				"east": {"uv": [5, 11.875, 5.125, 12], "texture": "#0"},
				"south": {"uv": [11.875, 5, 12, 5.125], "texture": "#0"},
				"west": {"uv": [5.125, 11.875, 5.25, 12], "texture": "#0"},
				"up": {"uv": [12, 5.25, 11.875, 5.125], "texture": "#0"},
				"down": {"uv": [5.375, 11.875, 5.25, 12], "texture": "#0"}
			}
		},
		{
			"from": [-2, 1.125, 5],
			"to": [-1, 2.125, 6],
			"rotation": {"angle": 0, "axis": "y", "origin": [7, -19, 0]},
			"faces": {
				"north": {"uv": [0.25, 11.875, 0.375, 12], "texture": "#0"},
				"east": {"uv": [0.375, 11.875, 0.5, 12], "texture": "#0"},
				"south": {"uv": [0.5, 11.875, 0.625, 12], "texture": "#0"},
				"west": {"uv": [0.625, 11.875, 0.75, 12], "texture": "#0"},
				"up": {"uv": [0.875, 12, 0.75, 11.875], "texture": "#0"},
				"down": {"uv": [12, 0.75, 11.875, 0.875], "texture": "#0"}
			}
		},
		{
			"from": [-1, 1.125, 3],
			"to": [0, 2.125, 4],
			"rotation": {"angle": 0, "axis": "y", "origin": [7, -19, 0]},
			"faces": {
				"north": {"uv": [0.875, 11.875, 1, 12], "texture": "#0"},
				"east": {"uv": [11.875, 0.875, 12, 1], "texture": "#0"},
				"south": {"uv": [1, 11.875, 1.125, 12], "texture": "#0"},
				"west": {"uv": [11.875, 1, 12, 1.125], "texture": "#0"},
				"up": {"uv": [1.25, 12, 1.125, 11.875], "texture": "#0"},
				"down": {"uv": [12, 1.125, 11.875, 1.25], "texture": "#0"}
			}
		},
		{
			"from": [-4.375, 0.75, 3],
			"to": [-3.375, 1.75, 4],
			"rotation": {"angle": 0, "axis": "y", "origin": [7, -19, 0]},
			"faces": {
				"north": {"uv": [1.25, 11.875, 1.375, 12], "texture": "#0"},
				"east": {"uv": [11.875, 1.25, 12, 1.375], "texture": "#0"},
				"south": {"uv": [11.875, 1.375, 12, 1.5], "texture": "#0"},
				"west": {"uv": [11.875, 1.5, 12, 1.625], "texture": "#0"},
				"up": {"uv": [12, 1.75, 11.875, 1.625], "texture": "#0"},
				"down": {"uv": [12, 1.75, 11.875, 1.875], "texture": "#0"}
			}
		},
		{
			"from": [-3.875, -1, 1.25],
			"to": [-2.875, 0, 2.25],
			"rotation": {"angle": 0, "axis": "y", "origin": [7, -19, 0]},
			"faces": {
				"north": {"uv": [11.875, 1.875, 12, 2], "texture": "#0"},
				"east": {"uv": [2.625, 11.875, 2.75, 12], "texture": "#0"},
				"south": {"uv": [11.875, 2.875, 12, 3], "texture": "#0"},
				"west": {"uv": [11.875, 3, 12, 3.125], "texture": "#0"},
				"up": {"uv": [12, 3.25, 11.875, 3.125], "texture": "#0"},
				"down": {"uv": [3.375, 11.875, 3.25, 12], "texture": "#0"}
			}
		},
		{
			"from": [-4.625, -3, 0.5],
			"to": [-3.625, -2, 1.5],
			"rotation": {"angle": 0, "axis": "y", "origin": [7, -19, 0]},
			"faces": {
				"north": {"uv": [11.875, 3.25, 12, 3.375], "texture": "#0"},
				"east": {"uv": [3.375, 11.875, 3.5, 12], "texture": "#0"},
				"south": {"uv": [11.875, 3.375, 12, 3.5], "texture": "#0"},
				"west": {"uv": [3.5, 11.875, 3.625, 12], "texture": "#0"},
				"up": {"uv": [12, 3.625, 11.875, 3.5], "texture": "#0"},
				"down": {"uv": [3.75, 11.875, 3.625, 12], "texture": "#0"}
			}
		},
		{
			"from": [-3.875, -1.75, -0.5],
			"to": [-2.875, -0.75, 0.5],
			"rotation": {"angle": 0, "axis": "y", "origin": [7, -19, 0]},
			"faces": {
				"north": {"uv": [11.875, 3.625, 12, 3.75], "texture": "#0"},
				"east": {"uv": [3.75, 11.875, 3.875, 12], "texture": "#0"},
				"south": {"uv": [11.875, 3.75, 12, 3.875], "texture": "#0"},
				"west": {"uv": [3.875, 11.875, 4, 12], "texture": "#0"},
				"up": {"uv": [12, 4, 11.875, 3.875], "texture": "#0"},
				"down": {"uv": [4.125, 11.875, 4, 12], "texture": "#0"}
			}
		},
		{
			"from": [-4.875, -5.75, -7.5],
			"to": [-3.875, -4.75, -6.5],
			"rotation": {"angle": 0, "axis": "y", "origin": [7, -19, 0]},
			"faces": {
				"north": {"uv": [8.375, 11.875, 8.5, 12], "texture": "#0"},
				"east": {"uv": [11.875, 8.375, 12, 8.5], "texture": "#0"},
				"south": {"uv": [8.5, 11.875, 8.625, 12], "texture": "#0"},
				"west": {"uv": [11.875, 8.5, 12, 8.625], "texture": "#0"},
				"up": {"uv": [8.75, 12, 8.625, 11.875], "texture": "#0"},
				"down": {"uv": [12, 8.625, 11.875, 8.75], "texture": "#0"}
			}
		},
		{
			"from": [18, 1.125, 5],
			"to": [19, 2.125, 6],
			"rotation": {"angle": 0, "axis": "y", "origin": [7, -19, 0]},
			"faces": {
				"north": {"uv": [9.75, 11.75, 9.875, 11.875], "texture": "#0"},
				"east": {"uv": [11.75, 9.75, 11.875, 9.875], "texture": "#0"},
				"south": {"uv": [9.875, 11.75, 10, 11.875], "texture": "#0"},
				"west": {"uv": [11.75, 9.875, 11.875, 10], "texture": "#0"},
				"up": {"uv": [10.125, 11.875, 10, 11.75], "texture": "#0"},
				"down": {"uv": [11.875, 10, 11.75, 10.125], "texture": "#0"}
			}
		},
		{
			"from": [18, -0.875, 3],
			"to": [19, 0.125, 4],
			"rotation": {"angle": 0, "axis": "y", "origin": [7, -19, 0]},
			"faces": {
				"north": {"uv": [10.125, 11.75, 10.25, 11.875], "texture": "#0"},
				"east": {"uv": [10.25, 11.75, 10.375, 11.875], "texture": "#0"},
				"south": {"uv": [10.375, 11.75, 10.5, 11.875], "texture": "#0"},
				"west": {"uv": [10.5, 11.75, 10.625, 11.875], "texture": "#0"},
				"up": {"uv": [10.75, 11.875, 10.625, 11.75], "texture": "#0"},
				"down": {"uv": [10.875, 11.75, 10.75, 11.875], "texture": "#0"}
			}
		},
		{
			"from": [18.5, 1.125, 1],
			"to": [19.5, 2.125, 2],
			"rotation": {"angle": 0, "axis": "y", "origin": [7, -19, 0]},
			"faces": {
				"north": {"uv": [10.875, 11.75, 11, 11.875], "texture": "#0"},
				"east": {"uv": [11, 11.75, 11.125, 11.875], "texture": "#0"},
				"south": {"uv": [11.125, 11.75, 11.25, 11.875], "texture": "#0"},
				"west": {"uv": [11.25, 11.75, 11.375, 11.875], "texture": "#0"},
				"up": {"uv": [11.5, 11.875, 11.375, 11.75], "texture": "#0"},
				"down": {"uv": [11.875, 11.375, 11.75, 11.5], "texture": "#0"}
			}
		},
		{
			"from": [18.5, -5.875, -16],
			"to": [19.5, -4.875, -15],
			"rotation": {"angle": 0, "axis": "y", "origin": [7, -19, 0]},
			"faces": {
				"north": {"uv": [5.875, 11.875, 6, 12], "texture": "#0"},
				"east": {"uv": [6, 11.875, 6.125, 12], "texture": "#0"},
				"south": {"uv": [6.125, 11.875, 6.25, 12], "texture": "#0"},
				"west": {"uv": [6.25, 11.875, 6.375, 12], "texture": "#0"},
				"up": {"uv": [6.5, 12, 6.375, 11.875], "texture": "#0"},
				"down": {"uv": [6.625, 11.875, 6.5, 12], "texture": "#0"}
			}
		},
		{
			"from": [17.5, -5.125, -14],
			"to": [18.5, -4.125, -13],
			"rotation": {"angle": 0, "axis": "y", "origin": [7, -19, 0]},
			"faces": {
				"north": {"uv": [6.625, 11.875, 6.75, 12], "texture": "#0"},
				"east": {"uv": [6.75, 11.875, 6.875, 12], "texture": "#0"},
				"south": {"uv": [6.875, 11.875, 7, 12], "texture": "#0"},
				"west": {"uv": [7, 11.875, 7.125, 12], "texture": "#0"},
				"up": {"uv": [7.25, 12, 7.125, 11.875], "texture": "#0"},
				"down": {"uv": [7.375, 11.875, 7.25, 12], "texture": "#0"}
			}
		},
		{
			"from": [19, -1.875, -1],
			"to": [20, -0.875, 0],
			"rotation": {"angle": 0, "axis": "y", "origin": [7, -19, 0]},
			"faces": {
				"north": {"uv": [11.5, 11.75, 11.625, 11.875], "texture": "#0"},
				"east": {"uv": [11.75, 11.5, 11.875, 11.625], "texture": "#0"},
				"south": {"uv": [11.625, 11.75, 11.75, 11.875], "texture": "#0"},
				"west": {"uv": [11.75, 11.75, 11.875, 11.875], "texture": "#0"},
				"up": {"uv": [0.125, 12, 0, 11.875], "texture": "#0"},
				"down": {"uv": [0.25, 11.875, 0.125, 12], "texture": "#0"}
			}
		},
		{
			"from": [13, -11.25, -5.25],
			"to": [14.75, -9.25, -3.25],
			"rotation": {"angle": 0, "axis": "y", "origin": [7, -19, 0]},
			"faces": {
				"north": {"uv": [11, 9.125, 11.21875, 9.375], "texture": "#0"},
				"east": {"uv": [5.25, 11, 5.5, 11.25], "texture": "#0"},
				"south": {"uv": [9.375, 11, 9.59375, 11.25], "texture": "#0"},
				"west": {"uv": [11, 5.25, 11.25, 5.5], "texture": "#0"},
				"up": {"uv": [11.21875, 9.625, 11, 9.375], "texture": "#0"},
				"down": {"uv": [9.84375, 11, 9.625, 11.25], "texture": "#0"}
			}
		},
		{
			"from": [13, -9.25, -5.25],
			"to": [14.75, -8.5, -3.25],
			"rotation": {"angle": 0, "axis": "y", "origin": [7, -19, 0]},
			"faces": {
				"north": {"uv": [4, 11.75, 4.21875, 11.84375], "texture": "#0"},
				"east": {"uv": [11.375, 11.625, 11.625, 11.71875], "texture": "#0"},
				"south": {"uv": [4.25, 11.75, 4.46875, 11.84375], "texture": "#0"},
				"west": {"uv": [11.625, 11.625, 11.875, 11.71875], "texture": "#0"},
				"up": {"uv": [11.21875, 9.875, 11, 9.625], "texture": "#0"},
				"down": {"uv": [11.21875, 10.375, 11, 10.625], "texture": "#0"}
			}
		},
		{
			"from": [13, -12, -5.25],
			"to": [14.75, -11.25, -3.25],
			"rotation": {"angle": 0, "axis": "y", "origin": [7, -19, 0]},
			"faces": {
				"north": {"uv": [4.5, 11.75, 4.71875, 11.84375], "texture": "#0"},
				"east": {"uv": [0, 11.75, 0.25, 11.84375], "texture": "#0"},
				"south": {"uv": [4.75, 11.75, 4.96875, 11.84375], "texture": "#0"},
				"west": {"uv": [11.75, 0, 12, 0.09375], "texture": "#0"},
				"up": {"uv": [10.71875, 11.25, 10.5, 11], "texture": "#0"},
				"down": {"uv": [0.21875, 11.125, 0, 11.375], "texture": "#0"}
			}
		},
		{
			"from": [13, -11.25, -6],
			"to": [14.75, -9.25, -5.25],
			"rotation": {"angle": 0, "axis": "y", "origin": [7, -19, 0]},
			"faces": {
				"north": {"uv": [11.125, 0, 11.34375, 0.25], "texture": "#0"},
				"east": {"uv": [9.875, 10.75, 9.96875, 11], "texture": "#0"},
				"south": {"uv": [0.25, 11.125, 0.46875, 11.375], "texture": "#0"},
				"west": {"uv": [10.5, 10.75, 10.59375, 11], "texture": "#0"},
				"up": {"uv": [5.21875, 11.84375, 5, 11.75], "texture": "#0"},
				"down": {"uv": [5.46875, 11.75, 5.25, 11.84375], "texture": "#0"}
			}
		},
		{
			"from": [13, -11.25, -3.25],
			"to": [14.75, -9.25, -2.5],
			"rotation": {"angle": 0, "axis": "y", "origin": [7, -19, 0]},
			"faces": {
				"north": {"uv": [11.125, 0.25, 11.34375, 0.5], "texture": "#0"},
				"east": {"uv": [1.25, 10.875, 1.34375, 11.125], "texture": "#0"},
				"south": {"uv": [0.5, 11.125, 0.71875, 11.375], "texture": "#0"},
				"west": {"uv": [4.25, 10.875, 4.34375, 11.125], "texture": "#0"},
				"up": {"uv": [11.96875, 5.34375, 11.75, 5.25], "texture": "#0"},
				"down": {"uv": [11.96875, 5.375, 11.75, 5.46875], "texture": "#0"}
			}
		},
		{
			"from": [13, -11.25, 19.75],
			"to": [14.75, -9.25, 21.75],
			"rotation": {"angle": 0, "axis": "y", "origin": [7, -19, 0]},
			"faces": {
				"north": {"uv": [3.75, 11.125, 3.96875, 11.375], "texture": "#0"},
				"east": {"uv": [5.5, 11, 5.75, 11.25], "texture": "#0"},
				"south": {"uv": [4, 11.125, 4.21875, 11.375], "texture": "#0"},
				"west": {"uv": [5.75, 11, 6, 11.25], "texture": "#0"},
				"up": {"uv": [11.34375, 4.75, 11.125, 4.5], "texture": "#0"},
				"down": {"uv": [11.34375, 4.75, 11.125, 5], "texture": "#0"}
			}
		},
		{
			"from": [13, -9.25, 19.75],
			"to": [14.75, -8.5, 21.75],
			"rotation": {"angle": 0, "axis": "y", "origin": [7, -19, 0]},
			"faces": {
				"north": {"uv": [6.25, 11.75, 6.46875, 11.84375], "texture": "#0"},
				"east": {"uv": [11.75, 0.25, 12, 0.34375], "texture": "#0"},
				"south": {"uv": [11.75, 6.25, 11.96875, 6.34375], "texture": "#0"},
				"west": {"uv": [11.75, 0.375, 12, 0.46875], "texture": "#0"},
				"up": {"uv": [11.34375, 1.75, 11.125, 1.5], "texture": "#0"},
				"down": {"uv": [11.34375, 3.375, 11.125, 3.625], "texture": "#0"}
			}
		},
		{
			"from": [13, -12, 19.75],
			"to": [14.75, -11.25, 21.75],
			"rotation": {"angle": 0, "axis": "y", "origin": [7, -19, 0]},
			"faces": {
				"north": {"uv": [11.75, 6, 11.96875, 6.09375], "texture": "#0"},
				"east": {"uv": [11.75, 0.125, 12, 0.21875], "texture": "#0"},
				"south": {"uv": [11.75, 6.125, 11.96875, 6.21875], "texture": "#0"},
				"west": {"uv": [0.25, 11.75, 0.5, 11.84375], "texture": "#0"},
				"up": {"uv": [11.34375, 1.25, 11.125, 1], "texture": "#0"},
				"down": {"uv": [11.34375, 1.25, 11.125, 1.5], "texture": "#0"}
			}
		},
		{
			"from": [13, -11.25, 19],
			"to": [14.75, -9.25, 19.75],
			"rotation": {"angle": 0, "axis": "y", "origin": [7, -19, 0]},
			"faces": {
				"north": {"uv": [11.125, 0.75, 11.34375, 1], "texture": "#0"},
				"east": {"uv": [9.875, 11, 9.96875, 11.25], "texture": "#0"},
				"south": {"uv": [1, 11.125, 1.21875, 11.375], "texture": "#0"},
				"west": {"uv": [1.25, 11.125, 1.34375, 11.375], "texture": "#0"},
				"up": {"uv": [11.96875, 5.84375, 11.75, 5.75], "texture": "#0"},
				"down": {"uv": [6.21875, 11.75, 6, 11.84375], "texture": "#0"}
			}
		},
		{
			"from": [13, -11.25, 21.75],
			"to": [14.75, -9.25, 22.5],
			"rotation": {"angle": 0, "axis": "y", "origin": [7, -19, 0]},
			"faces": {
				"north": {"uv": [11.125, 0.5, 11.34375, 0.75], "texture": "#0"},
				"east": {"uv": [2.625, 11, 2.71875, 11.25], "texture": "#0"},
				"south": {"uv": [0.75, 11.125, 0.96875, 11.375], "texture": "#0"},
				"west": {"uv": [6.25, 11, 6.34375, 11.25], "texture": "#0"},
				"up": {"uv": [5.71875, 11.84375, 5.5, 11.75], "texture": "#0"},
				"down": {"uv": [5.96875, 11.75, 5.75, 11.84375], "texture": "#0"}
			}
		},
		{
			"from": [0.25, -11.25, 19.75],
			"to": [2, -9.25, 21.75],
			"rotation": {"angle": 0, "axis": "y", "origin": [7, -19, 0]},
			"faces": {
				"north": {"uv": [11.25, 9.375, 11.46875, 9.625], "texture": "#0"},
				"east": {"uv": [6.875, 11, 7.125, 11.25], "texture": "#0"},
				"south": {"uv": [9.625, 11.25, 9.84375, 11.5], "texture": "#0"},
				"west": {"uv": [7.125, 11, 7.375, 11.25], "texture": "#0"},
				"up": {"uv": [11.46875, 9.875, 11.25, 9.625], "texture": "#0"},
				"down": {"uv": [11.46875, 9.875, 11.25, 10.125], "texture": "#0"}
			}
		},
		{
			"from": [0.25, -9.25, 19.75],
			"to": [2, -8.5, 21.75],
			"rotation": {"angle": 0, "axis": "y", "origin": [7, -19, 0]},
			"faces": {
				"north": {"uv": [11.75, 7.75, 11.96875, 7.84375], "texture": "#0"},
				"east": {"uv": [3.5, 11.75, 3.75, 11.84375], "texture": "#0"},
				"south": {"uv": [11.75, 7.875, 11.96875, 7.96875], "texture": "#0"},
				"west": {"uv": [3.75, 11.75, 4, 11.84375], "texture": "#0"},
				"up": {"uv": [11.46875, 9.375, 11.25, 9.125], "texture": "#0"},
				"down": {"uv": [9.59375, 11.25, 9.375, 11.5], "texture": "#0"}
			}
		},
		{
			"from": [0.25, -12, 19.75],
			"to": [2, -11.25, 21.75],
			"rotation": {"angle": 0, "axis": "y", "origin": [7, -19, 0]},
			"faces": {
				"north": {"uv": [11.75, 7.5, 11.96875, 7.59375], "texture": "#0"},
				"east": {"uv": [1, 11.75, 1.25, 11.84375], "texture": "#0"},
				"south": {"uv": [11.75, 7.625, 11.96875, 7.71875], "texture": "#0"},
				"west": {"uv": [3.25, 11.75, 3.5, 11.84375], "texture": "#0"},
				"up": {"uv": [9.09375, 11.5, 8.875, 11.25], "texture": "#0"},
				"down": {"uv": [9.34375, 11.25, 9.125, 11.5], "texture": "#0"}
			}
		},
		{
			"from": [0.25, -11.25, 19],
			"to": [2, -9.25, 19.75],
			"rotation": {"angle": 0, "axis": "y", "origin": [7, -19, 0]},
			"faces": {
				"north": {"uv": [7.125, 11.25, 7.34375, 11.5], "texture": "#0"},
				"east": {"uv": [2.625, 11.5, 2.71875, 11.75], "texture": "#0"},
				"south": {"uv": [8.625, 11.25, 8.84375, 11.5], "texture": "#0"},
				"west": {"uv": [1.25, 11.625, 1.34375, 11.875], "texture": "#0"},
				"up": {"uv": [11.96875, 7.34375, 11.75, 7.25], "texture": "#0"},
				"down": {"uv": [11.96875, 7.375, 11.75, 7.46875], "texture": "#0"}
			}
		},
		{
			"from": [0.25, -11.25, 21.75],
			"to": [2, -9.25, 22.5],
			"rotation": {"angle": 0, "axis": "y", "origin": [7, -19, 0]},
			"faces": {
				"north": {"uv": [6.625, 11.25, 6.84375, 11.5], "texture": "#0"},
				"east": {"uv": [1.25, 11.375, 1.34375, 11.625], "texture": "#0"},
				"south": {"uv": [6.875, 11.25, 7.09375, 11.5], "texture": "#0"},
				"west": {"uv": [4.25, 11.375, 4.34375, 11.625], "texture": "#0"},
				"up": {"uv": [11.96875, 7.09375, 11.75, 7], "texture": "#0"},
				"down": {"uv": [11.96875, 7.125, 11.75, 7.21875], "texture": "#0"}
			}
		},
		{
			"from": [0.25, -11.25, -3.25],
			"to": [2, -9.25, -2.5],
			"rotation": {"angle": 0, "axis": "y", "origin": [7, -19, 0]},
			"faces": {
				"north": {"uv": [5.75, 11.25, 5.96875, 11.5], "texture": "#0"},
				"east": {"uv": [6.25, 11.25, 6.34375, 11.5], "texture": "#0"},
				"south": {"uv": [6, 11.25, 6.21875, 11.5], "texture": "#0"},
				"west": {"uv": [9.875, 11.25, 9.96875, 11.5], "texture": "#0"},
				"up": {"uv": [11.96875, 6.96875, 11.75, 6.875], "texture": "#0"},
				"down": {"uv": [7.21875, 11.75, 7, 11.84375], "texture": "#0"}
			}
		},
		{
			"from": [0.25, -11.25, -5.25],
			"to": [2, -9.25, -3.25],
			"rotation": {"angle": 0, "axis": "y", "origin": [7, -19, 0]},
			"faces": {
				"north": {"uv": [5.25, 11.25, 5.46875, 11.5], "texture": "#0"},
				"east": {"uv": [6, 11, 6.25, 11.25], "texture": "#0"},
				"south": {"uv": [11.25, 5.25, 11.46875, 5.5], "texture": "#0"},
				"west": {"uv": [6.625, 11, 6.875, 11.25], "texture": "#0"},
				"up": {"uv": [5.71875, 11.5, 5.5, 11.25], "texture": "#0"},
				"down": {"uv": [11.46875, 5.5, 11.25, 5.75], "texture": "#0"}
			}
		},
		{
			"from": [0.25, -11.25, -6],
			"to": [2, -9.25, -5.25],
			"rotation": {"angle": 0, "axis": "y", "origin": [7, -19, 0]},
			"faces": {
				"north": {"uv": [11, 11.125, 11.21875, 11.375], "texture": "#0"},
				"east": {"uv": [4.25, 11.125, 4.34375, 11.375], "texture": "#0"},
				"south": {"uv": [5, 11.25, 5.21875, 11.5], "texture": "#0"},
				"west": {"uv": [2.625, 11.25, 2.71875, 11.5], "texture": "#0"},
				"up": {"uv": [6.96875, 11.84375, 6.75, 11.75], "texture": "#0"},
				"down": {"uv": [11.96875, 6.75, 11.75, 6.84375], "texture": "#0"}
			}
		},
		{
			"from": [0.25, -9.25, -5.25],
			"to": [2, -8.5, -3.25],
			"rotation": {"angle": 0, "axis": "y", "origin": [7, -19, 0]},
			"faces": {
				"north": {"uv": [11.75, 6.5, 11.96875, 6.59375], "texture": "#0"},
				"east": {"uv": [11.75, 0.625, 12, 0.71875], "texture": "#0"},
				"south": {"uv": [11.75, 6.625, 11.96875, 6.71875], "texture": "#0"},
				"west": {"uv": [0.75, 11.75, 1, 11.84375], "texture": "#0"},
				"up": {"uv": [10.96875, 11.375, 10.75, 11.125], "texture": "#0"},
				"down": {"uv": [11.34375, 10.875, 11.125, 11.125], "texture": "#0"}
			}
		},
		{
			"from": [0.25, -12, -5.25],
			"to": [2, -11.25, -3.25],
			"rotation": {"angle": 0, "axis": "y", "origin": [7, -19, 0]},
			"faces": {
				"north": {"uv": [11.75, 6.375, 11.96875, 6.46875], "texture": "#0"},
				"east": {"uv": [0.5, 11.75, 0.75, 11.84375], "texture": "#0"},
				"south": {"uv": [6.5, 11.75, 6.71875, 11.84375], "texture": "#0"},
				"west": {"uv": [11.75, 0.5, 12, 0.59375], "texture": "#0"},
				"up": {"uv": [11.34375, 5.25, 11.125, 5], "texture": "#0"},
				"down": {"uv": [11.34375, 10.625, 11.125, 10.875], "texture": "#0"}
			}
		},
		{
			"from": [6.5, 0.75, -12],
			"to": [8.5, 17, -10.5],
			"rotation": {"angle": 0, "axis": "y", "origin": [7, -19, 0]},
			"faces": {
				"north": {"uv": [7.375, 10.125, 7.625, 12.15625], "texture": "#0"},
				"east": {"uv": [7.875, 10.125, 8.0625, 12.15625], "texture": "#0"},
				"south": {"uv": [7.625, 10.125, 7.875, 12.15625], "texture": "#0"},
				"west": {"uv": [8.125, 10.125, 8.3125, 12.15625], "texture": "#0"},
				"up": {"uv": [11.625, 10.8125, 11.375, 10.625], "texture": "#0"},
				"down": {"uv": [11, 11.375, 10.75, 11.5625], "texture": "#0"}
			}
		},
		{
			"from": [6.5, 16.625, -11.9375],
			"to": [8.5, 20.125, -10.4375],
			"rotation": {"angle": 22.5, "axis": "x", "origin": [7, 17, -11]},
			"faces": {
				"north": {"uv": [7.125, 10.5, 7.375, 10.9375], "texture": "#0"},
				"east": {"uv": [10.75, 9.375, 10.9375, 9.8125], "texture": "#0"},
				"south": {"uv": [8.625, 10.5, 8.875, 10.9375], "texture": "#0"},
				"west": {"uv": [10.25, 10.75, 10.4375, 11.1875], "texture": "#0"},
				"up": {"uv": [11.625, 11.0625, 11.375, 10.875], "texture": "#0"},
				"down": {"uv": [11.25, 11.375, 11, 11.5625], "texture": "#0"}
			}
		},
		{
			"from": [6.5, 19.5, -13.0625],
			"to": [8.5, 23, -11.5625],
			"rotation": {"angle": 45, "axis": "x", "origin": [7, 17, -11]},
			"faces": {
				"north": {"uv": [8.875, 10.5, 9.125, 10.9375], "texture": "#0"},
				"east": {"uv": [10.875, 0, 11.0625, 0.4375], "texture": "#0"},
				"south": {"uv": [9.125, 10.5, 9.375, 10.9375], "texture": "#0"},
				"west": {"uv": [10.875, 0.5, 11.0625, 0.9375], "texture": "#0"},
				"up": {"uv": [11.5, 11.5625, 11.25, 11.375], "texture": "#0"},
				"down": {"uv": [0.25, 11.5, 0, 11.6875], "texture": "#0"}
			}
		},
		{
			"from": [6.5, 19.6875, -6.25],
			"to": [8.5, 21.1875, -4.75],
			"rotation": {"angle": -22.5, "axis": "x", "origin": [7, 17, -11]},
			"faces": {
				"north": {"uv": [0.25, 11.5, 0.5, 11.6875], "texture": "#0"},
				"east": {"uv": [6.125, 11.5, 6.3125, 11.6875], "texture": "#0"},
				"south": {"uv": [0.5, 11.5, 0.75, 11.6875], "texture": "#0"},
				"west": {"uv": [8.375, 11.5, 8.5625, 11.6875], "texture": "#0"},
				"up": {"uv": [5.25, 11.6875, 5, 11.5], "texture": "#0"},
				"down": {"uv": [5.5, 11.5, 5.25, 11.6875], "texture": "#0"}
			}
		},
		{
			"from": [6.5, 21.75, -6.875],
			"to": [8.5, 23.25, -4.375],
			"rotation": {"angle": 0, "axis": "x", "origin": [7, 17, -11]},
			"faces": {
				"north": {"uv": [11.5, 5.25, 11.75, 5.4375], "texture": "#0"},
				"east": {"uv": [8.625, 11, 8.9375, 11.1875], "texture": "#0"},
				"south": {"uv": [5.5, 11.5, 5.75, 11.6875], "texture": "#0"},
				"west": {"uv": [9, 11, 9.3125, 11.1875], "texture": "#0"},
				"up": {"uv": [11.125, 1.3125, 10.875, 1], "texture": "#0"},
				"down": {"uv": [11.125, 1.375, 10.875, 1.6875], "texture": "#0"}
			}
		},
		{
			"from": [7, 1, 16],
			"to": [9, 2, 19],
			"rotation": {"angle": 0, "axis": "y", "origin": [7, -2, 0]},
			"faces": {
				"north": {"uv": [10.375, 11.625, 10.625, 11.75], "texture": "#0"},
				"east": {"uv": [6.625, 11.5, 7, 11.625], "texture": "#0"},
				"south": {"uv": [11.625, 10.375, 11.875, 10.5], "texture": "#0"},
				"west": {"uv": [7, 11.5, 7.375, 11.625], "texture": "#0"},
				"up": {"uv": [10.875, 11, 10.625, 10.625], "texture": "#0"},
				"down": {"uv": [11, 5.25, 10.75, 5.625], "texture": "#0"}
			}
		},
		{
			"from": [7.5, 1.5, 16],
			"to": [8.5, 2.5, 18],
			"rotation": {"angle": 22.5, "axis": "x", "origin": [7, 4, 17]},
			"faces": {
				"north": {"uv": [10.625, 11.875, 10.75, 12], "texture": "#0"},
				"east": {"uv": [11.625, 10.5, 11.875, 10.625], "texture": "#0"},
				"south": {"uv": [11.875, 10.625, 12, 10.75], "texture": "#0"},
				"west": {"uv": [10.625, 11.625, 10.875, 11.75], "texture": "#0"},
				"up": {"uv": [2.75, 11, 2.625, 10.75], "texture": "#0"},
				"down": {"uv": [6.375, 10.75, 6.25, 11], "texture": "#0"}
			}
		},
		{
			"from": [7.25, 1.75, 17.75],
			"to": [8.75, 3.25, 19.25],
			"rotation": {"angle": 0, "axis": "y", "origin": [7, -2, 0]},
			"faces": {
				"north": {"uv": [8.625, 11.5, 8.8125, 11.6875], "texture": "#0"},
				"east": {"uv": [8.875, 11.5, 9.0625, 11.6875], "texture": "#0"},
				"south": {"uv": [9.125, 11.5, 9.3125, 11.6875], "texture": "#0"},
				"west": {"uv": [11.5, 9.125, 11.6875, 9.3125], "texture": "#0"},
				"up": {"uv": [9.5625, 11.6875, 9.375, 11.5], "texture": "#0"},
				"down": {"uv": [11.6875, 9.375, 11.5, 9.5625], "texture": "#0"}
			}
		},
		{
			"from": [7.5, 2.25, 19],
			"to": [8.5, 2.75, 19.5],
			"rotation": {"angle": 0, "axis": "y", "origin": [7, -2, 0]},
			"faces": {
				"north": {"uv": [10.75, 11.875, 10.875, 11.9375], "texture": "#0"},
				"east": {"uv": [4.125, 12, 4.1875, 12.0625], "texture": "#0"},
				"south": {"uv": [11.875, 10.75, 12, 10.8125], "texture": "#0"},
				"west": {"uv": [12, 4.125, 12.0625, 4.1875], "texture": "#0"},
				"up": {"uv": [11, 11.9375, 10.875, 11.875], "texture": "#0"},
				"down": {"uv": [12, 10.875, 11.875, 10.9375], "texture": "#0"}
			}
		},
		{
			"from": [7.25, 1.75, 16.25],
			"to": [8.75, 2.5, 17.75],
			"rotation": {"angle": 0, "axis": "y", "origin": [7, -2, 0]},
			"faces": {
				"north": {"uv": [11.75, 8, 11.9375, 8.09375], "texture": "#0"},
				"east": {"uv": [11.75, 8.125, 11.9375, 8.21875], "texture": "#0"},
				"south": {"uv": [11.75, 8.25, 11.9375, 8.34375], "texture": "#0"},
				"west": {"uv": [8.375, 11.75, 8.5625, 11.84375], "texture": "#0"},
				"up": {"uv": [9.8125, 11.6875, 9.625, 11.5], "texture": "#0"},
				"down": {"uv": [11.6875, 9.625, 11.5, 9.8125], "texture": "#0"}
			}
		}
	],
	"display": {
		"thirdperson_righthand": {
			"rotation": [0, 114, 0],
			"translation": [0.75, 1.5, 0],
			"scale": [0.16, 0.16, 0.16]
		},
		"thirdperson_lefthand": {
			"rotation": [0, 114, 0],
			"translation": [0.75, 1.5, 0],
			"scale": [0.16, 0.16, 0.16]
		},
		"firstperson_righthand": {
			"scale": [0.2, 0.2, 0.2]
		},
		"firstperson_lefthand": {
			"scale": [0.2, 0.2, 0.2]
		},
		"ground": {
			"rotation": [90, 0, 0],
			"translation": [0, 2.25, 20.25],
			"scale": [1, 1.1, 1]
		},
		"gui": {
			"rotation": [14, 21, 0],
			"translation": [0, 0.75, 0],
			"scale": [0.43, 0.43, 0.43]
		}
	}
}