{
	"credit": "Made with Blockbench",
	"texture_size": [128, 128],
	"textures": {
		"0": "item/cart01",
		"particle": "item/cart01"
	},
	"elements": [
		{
			"from": [-12, 0, -6],
			"to": [30, 1, 7],
			"faces": {
				"north": {"uv": [8.75, 5.625, 14, 5.75], "texture": "#0"},
				"east": {"uv": [11, 8.375, 12.625, 8.5], "texture": "#0"},
				"south": {"uv": [8.75, 5.75, 14, 5.875], "texture": "#0"},
				"west": {"uv": [11.125, 2.375, 12.75, 2.5], "texture": "#0"},
				"up": {"uv": [5.25, 1.625, 0, 0], "texture": "#0"},
				"down": {"uv": [5.25, 1.625, 0, 3.25], "texture": "#0"}
			}
		},
		{
			"from": [-2, -2, -11],
			"to": [17, 2, -6],
			"rotation": {"angle": 0, "axis": "y", "origin": [0, -2, 0]},
			"faces": {
				"north": {"uv": [5.75, 3.875, 8.125, 4.375], "texture": "#0"},
				"east": {"uv": [1.375, 11.125, 2, 11.625], "texture": "#0"},
				"south": {"uv": [2.625, 6, 5, 6.5], "texture": "#0"},
				"west": {"uv": [11.125, 1.875, 11.75, 2.375], "texture": "#0"},
				"up": {"uv": [2.375, 5.625, 0, 5], "texture": "#0"},
				"down": {"uv": [7.375, 4.625, 5, 5.25], "texture": "#0"}
			}
		},
		{
			"from": [9, -2, -11],
			"to": [17, 2, -6],
			"rotation": {"angle": -22.5, "axis": "z", "origin": [17, 2, -11]},
			"faces": {
				"north": {"uv": [10.25, 4.375, 11.25, 4.875], "texture": "#0"},
				"east": {"uv": [5, 11.125, 5.625, 11.625], "texture": "#0"},
				"south": {"uv": [8.5, 10.25, 9.5, 10.75], "texture": "#0"},
				"west": {"uv": [6.125, 11.125, 6.75, 11.625], "texture": "#0"},
				"up": {"uv": [10.375, 2, 9.375, 1.375], "texture": "#0"},
				"down": {"uv": [5.625, 9.375, 4.625, 10], "texture": "#0"}
			}
		},
		{
			"from": [-2, 2, -11],
			"to": [9.625, 5.0625, -6],
			"rotation": {"angle": 0, "axis": "z", "origin": [17, 2, -11]},
			"faces": {
				"north": {"uv": [9.625, 7.5, 11.09375, 7.875], "texture": "#0"},
				"east": {"uv": [11.625, 6.25, 12.25, 6.625], "texture": "#0"},
				"south": {"uv": [9.875, 0.5, 11.34375, 0.875], "texture": "#0"},
				"west": {"uv": [11.625, 6.625, 12.25, 7], "texture": "#0"},
				"up": {"uv": [8.71875, 5.875, 7.25, 5.25], "texture": "#0"},
				"down": {"uv": [8.84375, 4.375, 7.375, 5], "texture": "#0"}
			}
		},
		{
			"from": [-2, -2, 7],
			"to": [17, 2, 12],
			"rotation": {"angle": 0, "axis": "y", "origin": [0, -2, 18]},
			"faces": {
				"north": {"uv": [5.875, 6.125, 8.25, 6.625], "texture": "#0"},
				"east": {"uv": [11.25, 4.25, 11.875, 4.75], "texture": "#0"},
				"south": {"uv": [2.625, 6.5, 5, 7], "texture": "#0"},
				"west": {"uv": [11.25, 8.875, 11.875, 9.375], "texture": "#0"},
				"up": {"uv": [7.625, 0.625, 5.25, 0], "texture": "#0"},
				"down": {"uv": [7.625, 0.625, 5.25, 1.25], "texture": "#0"}
			}
		},
		{
			"from": [9, -2, 7],
			"to": [17, 2, 12],
			"rotation": {"angle": -22.5, "axis": "z", "origin": [17, 2, 7]},
			"faces": {
				"north": {"uv": [10.25, 8.875, 11.25, 9.375], "texture": "#0"},
				"east": {"uv": [9.375, 11.125, 10, 11.625], "texture": "#0"},
				"south": {"uv": [10.25, 9.375, 11.25, 9.875], "texture": "#0"},
				"west": {"uv": [11.125, 11, 11.75, 11.5], "texture": "#0"},
				"up": {"uv": [10.375, 6.5, 9.375, 5.875], "texture": "#0"},
				"down": {"uv": [8, 9.375, 7, 10], "texture": "#0"}
			}
		},
		{
			"from": [-2, 2, 7],
			"to": [9.625, 5.0625, 12],
			"rotation": {"angle": 0, "axis": "z", "origin": [17, 2, 7]},
			"faces": {
				"north": {"uv": [9.875, 0.875, 11.34375, 1.25], "texture": "#0"},
				"east": {"uv": [11.625, 7.875, 12.25, 8.25], "texture": "#0"},
				"south": {"uv": [9.875, 5, 11.34375, 5.375], "texture": "#0"},
				"west": {"uv": [9.375, 11.625, 10, 12], "texture": "#0"},
				"up": {"uv": [5.59375, 8.125, 4.125, 7.5], "texture": "#0"},
				"down": {"uv": [7.09375, 7.5, 5.625, 8.125], "texture": "#0"}
			}
		},
		{
			"from": [30, -0.25, -6],
			"to": [32, 2.3125, 7],
			"faces": {
				"north": {"uv": [2, 11.125, 2.25, 11.4375], "texture": "#0"},
				"east": {"uv": [10.125, 8.5, 11.75, 8.8125], "texture": "#0"},
				"south": {"uv": [2.5, 12, 2.75, 12.3125], "texture": "#0"},
				"west": {"uv": [10.25, 2.625, 11.875, 2.9375], "texture": "#0"},
				"up": {"uv": [5, 12.25, 4.75, 10.625], "texture": "#0"},
				"down": {"uv": [10.625, 10.625, 10.375, 12.25], "texture": "#0"}
			}
		},
		{
			"from": [30, -0.25, -12],
			"to": [32, 2.3125, -6],
			"rotation": {"angle": 22.5, "axis": "y", "origin": [32, 0, -6]},
			"faces": {
				"north": {"uv": [0.5, 12.125, 0.75, 12.4375], "texture": "#0"},
				"east": {"uv": [11.125, 7.5, 11.875, 7.8125], "texture": "#0"},
				"south": {"uv": [12.125, 5.25, 12.375, 5.5625], "texture": "#0"},
				"west": {"uv": [11.625, 0, 12.375, 0.3125], "texture": "#0"},
				"up": {"uv": [9.125, 12.125, 8.875, 11.375], "texture": "#0"},
				"down": {"uv": [2, 11.625, 1.75, 12.375], "texture": "#0"}
			}
		},
		{
			"from": [24.25, -0.25, 8.125],
			"to": [26.25, 2.3125, 14.125],
			"rotation": {"angle": -22.5, "axis": "y", "origin": [32, 0, 22]},
			"faces": {
				"north": {"uv": [7.375, 12.125, 7.625, 12.4375], "texture": "#0"},
				"east": {"uv": [5.75, 11.625, 6.5, 11.9375], "texture": "#0"},
				"south": {"uv": [7.625, 12.125, 7.875, 12.4375], "texture": "#0"},
				"west": {"uv": [11.625, 5.875, 12.375, 6.1875], "texture": "#0"},
				"up": {"uv": [6.75, 12.375, 6.5, 11.625], "texture": "#0"},
				"down": {"uv": [10.875, 11.625, 10.625, 12.375], "texture": "#0"}
			}
		},
		{
			"from": [20.8125, -4, -11],
			"to": [24.3125, 5, -6],
			"rotation": {"angle": 0, "axis": "y", "origin": [23.0625, 0, -3]},
			"faces": {
				"north": {"uv": [3, 10, 3.4375, 11.125], "texture": "#0"},
				"east": {"uv": [1.5, 8.5, 2.125, 9.625], "texture": "#0"},
				"south": {"uv": [5.125, 10, 5.5625, 11.125], "texture": "#0"},
				"west": {"uv": [2.125, 8.5, 2.75, 9.625], "texture": "#0"},
				"up": {"uv": [11.6875, 11, 11.25, 10.375], "texture": "#0"},
				"down": {"uv": [0.4375, 11.375, 0, 12], "texture": "#0"}
			}
		},
		{
			"from": [24.3125, -1.25, -11],
			"to": [27.0625, 2.25, -6],
			"rotation": {"angle": 0, "axis": "y", "origin": [23.0625, 0, -3]},
			"faces": {
				"north": {"uv": [8.125, 3.875, 8.5, 4.3125], "texture": "#0"},
				"east": {"uv": [11.25, 9.375, 11.875, 9.8125], "texture": "#0"},
				"south": {"uv": [11.75, 10.75, 12.125, 11.1875], "texture": "#0"},
				"west": {"uv": [11.375, 0.5, 12, 0.9375], "texture": "#0"},
				"up": {"uv": [2.75, 5.625, 2.375, 5], "texture": "#0"},
				"down": {"uv": [4.625, 11.5, 4.25, 12.125], "texture": "#0"}
			}
		},
		{
			"from": [18.0625, -1.25, -11],
			"to": [20.8125, 2.25, -6],
			"rotation": {"angle": 0, "axis": "y", "origin": [23.0625, 0, -3]},
			"faces": {
				"north": {"uv": [11.75, 11.25, 12.125, 11.6875], "texture": "#0"},
				"east": {"uv": [11.375, 3, 12, 3.4375], "texture": "#0"},
				"south": {"uv": [11.75, 11.75, 12.125, 12.1875], "texture": "#0"},
				"west": {"uv": [11.375, 3.5, 12, 3.9375], "texture": "#0"},
				"up": {"uv": [7.75, 12.125, 7.375, 11.5], "texture": "#0"},
				"down": {"uv": [12, 1, 11.625, 1.625], "texture": "#0"}
			}
		},
		{
			"from": [18.125, -1.4375, -10.9375],
			"to": [27, 2.4375, -6.0625],
			"rotation": {"angle": -45, "axis": "z", "origin": [22.5625, 0.5, -7]},
			"faces": {
				"north": {"uv": [9.625, 3.375, 10.75, 3.875], "texture": "#0"},
				"east": {"uv": [11, 0, 11.625, 0.5], "texture": "#0"},
				"south": {"uv": [9.625, 3.875, 10.75, 4.375], "texture": "#0"},
				"west": {"uv": [11, 5.875, 11.625, 6.375], "texture": "#0"},
				"up": {"uv": [9.375, 6.5, 8.25, 5.875], "texture": "#0"},
				"down": {"uv": [9.625, 2.5, 8.5, 3.125], "texture": "#0"}
			}
		},
		{
			"from": [20.625, -3.9375, -10.9375],
			"to": [24.5, 4.9375, -6.0625],
			"rotation": {"angle": -45, "axis": "z", "origin": [22.5625, 0.5, -7]},
			"faces": {
				"north": {"uv": [8, 9.75, 8.5, 10.875], "texture": "#0"},
				"east": {"uv": [2.75, 8.5, 3.375, 9.625], "texture": "#0"},
				"south": {"uv": [9.75, 8.875, 10.25, 10], "texture": "#0"},
				"west": {"uv": [8.5, 3.125, 9.125, 4.25], "texture": "#0"},
				"up": {"uv": [4.25, 11.625, 3.75, 11], "texture": "#0"},
				"down": {"uv": [6.125, 11, 5.625, 11.625], "texture": "#0"}
			}
		},
		{
			"from": [20.8125, -4, 7.0625],
			"to": [24.3125, 5, 12.0625],
			"rotation": {"angle": 0, "axis": "y", "origin": [23.0625, 0, 15.0625]},
			"faces": {
				"north": {"uv": [0.875, 10.125, 1.3125, 11.25], "texture": "#0"},
				"east": {"uv": [3.375, 8.5, 4, 9.625], "texture": "#0"},
				"south": {"uv": [10.5, 5.875, 10.9375, 7], "texture": "#0"},
				"west": {"uv": [4, 8.75, 4.625, 9.875], "texture": "#0"},
				"up": {"uv": [11.8125, 5.375, 11.375, 4.75], "texture": "#0"},
				"down": {"uv": [8.8125, 11.375, 8.375, 12], "texture": "#0"}
			}
		},
		{
			"from": [24.3125, -1.25, 7.0625],
			"to": [27.0625, 2.25, 12.0625],
			"rotation": {"angle": 0, "axis": "y", "origin": [23.0625, 0, 15.0625]},
			"faces": {
				"north": {"uv": [0.875, 11.875, 1.25, 12.3125], "texture": "#0"},
				"east": {"uv": [2, 11.5, 2.625, 11.9375], "texture": "#0"},
				"south": {"uv": [11.875, 2.5, 12.25, 2.9375], "texture": "#0"},
				"west": {"uv": [6.75, 11.5, 7.375, 11.9375], "texture": "#0"},
				"up": {"uv": [1.75, 12.25, 1.375, 11.625], "texture": "#0"},
				"down": {"uv": [4.125, 11.625, 3.75, 12.25], "texture": "#0"}
			}
		},
		{
			"from": [18.0625, -1.25, 7.0625],
			"to": [20.8125, 2.25, 12.0625],
			"rotation": {"angle": 0, "axis": "y", "origin": [23.0625, 0, 15.0625]},
			"faces": {
				"north": {"uv": [11.875, 4.25, 12.25, 4.6875], "texture": "#0"},
				"east": {"uv": [11.5, 9.875, 12.125, 10.3125], "texture": "#0"},
				"south": {"uv": [11.875, 4.75, 12.25, 5.1875], "texture": "#0"},
				"west": {"uv": [11.125, 11.5, 11.75, 11.9375], "texture": "#0"},
				"up": {"uv": [5.375, 12.25, 5, 11.625], "texture": "#0"},
				"down": {"uv": [5.75, 11.625, 5.375, 12.25], "texture": "#0"}
			}
		},
		{
			"from": [18.125, -1.4375, 7.125],
			"to": [27, 2.4375, 12],
			"rotation": {"angle": -45, "axis": "z", "origin": [22.5625, 0.5, 11.0625]},
			"faces": {
				"north": {"uv": [9.625, 7, 10.75, 7.5], "texture": "#0"},
				"east": {"uv": [11, 6.375, 11.625, 6.875], "texture": "#0"},
				"south": {"uv": [9.875, 0, 11, 0.5], "texture": "#0"},
				"west": {"uv": [11, 7.875, 11.625, 8.375], "texture": "#0"},
				"up": {"uv": [9.625, 7.875, 8.5, 7.25], "texture": "#0"},
				"down": {"uv": [5.75, 8.75, 4.625, 9.375], "texture": "#0"}
			}
		},
		{
			"from": [20.625, -3.9375, 7.125],
			"to": [24.5, 4.9375, 12],
			"rotation": {"angle": -45, "axis": "z", "origin": [22.5625, 0.5, 11.0625]},
			"faces": {
				"north": {"uv": [3.75, 9.875, 4.25, 11], "texture": "#0"},
				"east": {"uv": [5.75, 8.75, 6.375, 9.875], "texture": "#0"},
				"south": {"uv": [5.625, 9.875, 6.125, 11], "texture": "#0"},
				"west": {"uv": [6.375, 8.75, 7, 9.875], "texture": "#0"},
				"up": {"uv": [11.125, 11.625, 10.625, 11], "texture": "#0"},
				"down": {"uv": [11.625, 1.25, 11.125, 1.875], "texture": "#0"}
			}
		},
		{
			"from": [-14.9375, -1.5, -13],
			"to": [-3.9375, 2.5, -6],
			"rotation": {"angle": 0, "axis": "z", "origin": [-9.9375, 0, -5]},
			"faces": {
				"north": {"uv": [8.75, 7.875, 10.125, 8.375], "texture": "#0"},
				"east": {"uv": [4.125, 7, 5, 7.5], "texture": "#0"},
				"south": {"uv": [8.75, 8.375, 10.125, 8.875], "texture": "#0"},
				"west": {"uv": [1.375, 10.625, 2.25, 11.125], "texture": "#0"},
				"up": {"uv": [6.625, 2.125, 5.25, 1.25], "texture": "#0"},
				"down": {"uv": [6.625, 2.125, 5.25, 3], "texture": "#0"}
			}
		},
		{
			"from": [-14.5625, -2.4375, -12.9375],
			"to": [-3.9375, 2.5, -6.0625],
			"rotation": {"angle": 45, "axis": "z", "origin": [-9.9375, 0, -5]},
			"faces": {
				"north": {"uv": [0, 7.875, 1.34375, 8.5], "texture": "#0"},
				"east": {"uv": [6.125, 9.875, 7, 10.5], "texture": "#0"},
				"south": {"uv": [1.375, 7.875, 2.71875, 8.5], "texture": "#0"},
				"west": {"uv": [2.125, 10, 3, 10.625], "texture": "#0"},
				"up": {"uv": [7.96875, 2.125, 6.625, 1.25], "texture": "#0"},
				"down": {"uv": [7.96875, 2.125, 6.625, 3], "texture": "#0"}
			}
		},
		{
			"from": [-15.25, -1.75, -12.9375],
			"to": [-4.625, 3.1875, -6.0625],
			"rotation": {"angle": -45, "axis": "z", "origin": [-9.9375, 0, -5]},
			"faces": {
				"north": {"uv": [2.75, 7.875, 4.09375, 8.5], "texture": "#0"},
				"east": {"uv": [4.25, 10, 5.125, 10.625], "texture": "#0"},
				"south": {"uv": [8, 1.25, 9.34375, 1.875], "texture": "#0"},
				"west": {"uv": [7, 10, 7.875, 10.625], "texture": "#0"},
				"up": {"uv": [6.34375, 7.5, 5, 6.625], "texture": "#0"},
				"down": {"uv": [7.71875, 6.625, 6.375, 7.5], "texture": "#0"}
			}
		},
		{
			"from": [-11.4375, 2.5, -13],
			"to": [-7.4375, 6, -6],
			"rotation": {"angle": 0, "axis": "y", "origin": [24.0625, 0, -5]},
			"faces": {
				"north": {"uv": [10.78125, 12.8125, 11.28125, 14.1875], "texture": "#0"},
				"east": {"uv": [5, 5.25, 5.875, 6.625], "texture": "#0"},
				"south": {"uv": [9.125, 3.125, 9.625, 4.5], "texture": "#0"},
				"west": {"uv": [0, 5.625, 0.875, 7], "texture": "#0"},
				"up": {"uv": [2.75, 11.5, 2.25, 10.625], "texture": "#0"},
				"down": {"uv": [4.75, 10.625, 4.25, 11.5], "texture": "#0"}
			}
		},
		{
			"from": [-11.4375, -5, -13],
			"to": [-7.4375, -1.5, -6],
			"rotation": {"angle": 0, "axis": "y", "origin": [24.0625, 0, -5]},
			"faces": {
				"north": {"uv": [8.75, 8.875, 9.25, 10.25], "texture": "#0"},
				"east": {"uv": [5, 5.25, 5.875, 6.625], "texture": "#0"},
				"south": {"uv": [9.125, 3.125, 9.625, 4.5], "texture": "#0"},
				"west": {"uv": [0, 5.625, 0.875, 7], "texture": "#0"},
				"up": {"uv": [2.75, 11.5, 2.25, 10.625], "texture": "#0"},
				"down": {"uv": [4.75, 10.625, 4.25, 11.5], "texture": "#0"}
			}
		},
		{
			"from": [-14.9375, -1.5, 7.0625],
			"to": [-3.9375, 2.5, 14.0625],
			"rotation": {"angle": 0, "axis": "z", "origin": [-9.9375, 0, 15.0625]},
			"faces": {
				"north": {"uv": [8.875, 4.5, 10.25, 5], "texture": "#0"},
				"east": {"uv": [9.5, 10.625, 10.375, 11.125], "texture": "#0"},
				"south": {"uv": [9.125, 6.5, 10.5, 7], "texture": "#0"},
				"west": {"uv": [10.625, 9.875, 11.5, 10.375], "texture": "#0"},
				"up": {"uv": [7.125, 3.875, 5.75, 3], "texture": "#0"},
				"down": {"uv": [7.25, 5.25, 5.875, 6.125], "texture": "#0"}
			}
		},
		{
			"from": [-11.4375, -5, 7.0625],
			"to": [-7.4375, -1.5, 14.0625],
			"rotation": {"angle": 0, "axis": "y", "origin": [24.0625, 0, 15.0625]},
			"faces": {
				"north": {"uv": [9.25, 8.875, 9.75, 10.25], "texture": "#0"},
				"east": {"uv": [0.875, 5.625, 1.75, 7], "texture": "#0"},
				"south": {"uv": [9.375, 0, 9.875, 1.375], "texture": "#0"},
				"west": {"uv": [1.75, 5.625, 2.625, 7], "texture": "#0"},
				"up": {"uv": [7.375, 11.5, 6.875, 10.625], "texture": "#0"},
				"down": {"uv": [7.875, 10.625, 7.375, 11.5], "texture": "#0"}
			}
		},
		{
			"from": [-11.4375, 2.5625, 7.0625],
			"to": [-7.4375, 6, 14.0625],
			"rotation": {"angle": 0, "axis": "y", "origin": [24.0625, 0, 15.0625]},
			"faces": {
				"north": {"uv": [9.25, 8.875, 9.75, 10.25], "texture": "#0"},
				"east": {"uv": [0.875, 5.625, 1.75, 7], "texture": "#0"},
				"south": {"uv": [12.71875, 0.09375, 13.21875, 1.46875], "texture": "#0"},
				"west": {"uv": [1.75, 5.625, 2.625, 7], "texture": "#0"},
				"up": {"uv": [7.375, 11.5, 6.875, 10.625], "texture": "#0"},
				"down": {"uv": [7.875, 10.625, 7.375, 11.5], "texture": "#0"}
			}
		},
		{
			"from": [-14.5625, -2.4375, 7.125],
			"to": [-3.9375, 2.5, 14],
			"rotation": {"angle": 45, "axis": "z", "origin": [-9.9375, 0, 15.0625]},
			"faces": {
				"north": {"uv": [5.5, 8.125, 6.84375, 8.75], "texture": "#0"},
				"east": {"uv": [10.125, 7.875, 11, 8.5], "texture": "#0"},
				"south": {"uv": [6.875, 8.125, 8.21875, 8.75], "texture": "#0"},
				"west": {"uv": [10.25, 2, 11.125, 2.625], "texture": "#0"},
				"up": {"uv": [4.09375, 7.875, 2.75, 7], "texture": "#0"},
				"down": {"uv": [8.46875, 3, 7.125, 3.875], "texture": "#0"}
			}
		},
		{
			"from": [-15.25, -1.75, 7.125],
			"to": [-4.625, 3.1875, 14],
			"rotation": {"angle": -45, "axis": "z", "origin": [-9.9375, 0, 15.0625]},
			"faces": {
				"north": {"uv": [8, 1.875, 9.34375, 2.5], "texture": "#0"},
				"east": {"uv": [9.75, 10, 10.625, 10.625], "texture": "#0"},
				"south": {"uv": [4.125, 8.125, 5.46875, 8.75], "texture": "#0"},
				"west": {"uv": [0, 10.125, 0.875, 10.75], "texture": "#0"},
				"up": {"uv": [1.34375, 7.875, 0, 7], "texture": "#0"},
				"down": {"uv": [2.71875, 7, 1.375, 7.875], "texture": "#0"}
			}
		},
		{
			"from": [3, 1, -5],
			"to": [15, 3, 6],
			"faces": {
				"north": {"uv": [10.75, 4, 12.25, 4.25], "texture": "#0"},
				"east": {"uv": [7.375, 5, 8.75, 5.25], "texture": "#0"},
				"south": {"uv": [10.75, 7, 12.25, 7.25], "texture": "#0"},
				"west": {"uv": [10.75, 7.25, 12.125, 7.5], "texture": "#0"},
				"up": {"uv": [4.25, 4.625, 2.75, 3.25], "texture": "#0"},
				"down": {"uv": [5.75, 3.25, 4.25, 4.625], "texture": "#0"}
			}
		},
		{
			"from": [1, 3, -5],
			"to": [3, 17, 6],
			"rotation": {"angle": 22.5, "axis": "z", "origin": [3, 3, 0]},
			"faces": {
				"north": {"uv": [3.5, 10, 3.75, 11.75], "texture": "#0"},
				"east": {"uv": [0, 3.25, 1.375, 5], "texture": "#0"},
				"south": {"uv": [2.75, 10.625, 3, 12.375], "texture": "#0"},
				"west": {"uv": [1.375, 3.25, 2.75, 5], "texture": "#0"},
				"up": {"uv": [0.875, 12.125, 0.625, 10.75], "texture": "#0"},
				"down": {"uv": [9.375, 10.75, 9.125, 12.125], "texture": "#0"}
			}
		},
		{
			"from": [17, 7.25, -2.75],
			"to": [18, 10.25, -0.75],
			"rotation": {"angle": -22.5, "axis": "z", "origin": [3, 3, 0]},
			"faces": {
				"north": {"uv": [2.625, 5.625, 2.75, 6], "texture": "#0"},
				"east": {"uv": [9.375, 2, 9.625, 2.375], "texture": "#0"},
				"south": {"uv": [5.625, 9.375, 5.75, 9.75], "texture": "#0"},
				"west": {"uv": [8, 9.375, 8.25, 9.75], "texture": "#0"},
				"up": {"uv": [8.25, 6.125, 8.125, 5.875], "texture": "#0"},
				"down": {"uv": [8.5, 7.25, 8.375, 7.5], "texture": "#0"}
			}
		},
		{
			"from": [17, 7.25, 1.5],
			"to": [18, 10.25, 3.5],
			"rotation": {"angle": -22.5, "axis": "z", "origin": [3, 3, 0]},
			"faces": {
				"north": {"uv": [1.375, 10.125, 1.5, 10.5], "texture": "#0"},
				"east": {"uv": [8.5, 9.75, 8.75, 10.125], "texture": "#0"},
				"south": {"uv": [5, 10.625, 5.125, 11], "texture": "#0"},
				"west": {"uv": [9.5, 10.25, 9.75, 10.625], "texture": "#0"},
				"up": {"uv": [4.125, 8.75, 4, 8.5], "texture": "#0"},
				"down": {"uv": [8, 10.625, 7.875, 10.875], "texture": "#0"}
			}
		},
		{
			"from": [26, -9, -5],
			"to": [28, -4, 6],
			"rotation": {"angle": 22.5, "axis": "z", "origin": [3, 3, 0]},
			"faces": {
				"north": {"uv": [0, 12, 0.25, 12.625], "texture": "#0"},
				"east": {"uv": [7.125, 7.5, 8.5, 8.125], "texture": "#0"},
				"south": {"uv": [0.25, 12, 0.5, 12.625], "texture": "#0"},
				"west": {"uv": [7.625, 0, 9, 0.625], "texture": "#0"},
				"up": {"uv": [8.125, 12.25, 7.875, 10.875], "texture": "#0"},
				"down": {"uv": [8.375, 10.875, 8.125, 12.25], "texture": "#0"}
			}
		},
		{
			"from": [21.4375, -13, -2],
			"to": [23.4375, -8, 3],
			"rotation": {"angle": 45, "axis": "z", "origin": [3, 3, 0]},
			"faces": {
				"north": {"uv": [12, 0.375, 12.25, 1], "texture": "#0"},
				"east": {"uv": [10.625, 10.375, 11.25, 11], "texture": "#0"},
				"south": {"uv": [12, 1, 12.25, 1.625], "texture": "#0"},
				"west": {"uv": [0, 10.75, 0.625, 11.375], "texture": "#0"},
				"up": {"uv": [2.25, 12.625, 2, 12], "texture": "#0"},
				"down": {"uv": [2.5, 12, 2.25, 12.625], "texture": "#0"}
			}
		},
		{
			"from": [20.28984, 7.6814, -2],
			"to": [25.28984, 9.6814, 3],
			"rotation": {"angle": -22.5, "axis": "z", "origin": [25.25, 9.75, 0]},
			"faces": {
				"north": {"uv": [7.25, 5.875, 7.875, 6.125], "texture": "#0"},
				"east": {"uv": [7.75, 7.25, 8.375, 7.5], "texture": "#0"},
				"south": {"uv": [11.5, 5.375, 12.125, 5.625], "texture": "#0"},
				"west": {"uv": [11.875, 7.5, 12.5, 7.75], "texture": "#0"},
				"up": {"uv": [11.375, 4, 10.75, 3.375], "texture": "#0"},
				"down": {"uv": [9.125, 10.75, 8.5, 11.375], "texture": "#0"}
			}
		},
		{
			"from": [20.35234, 5.6814, -2],
			"to": [26.28984, 8.1814, 3],
			"rotation": {"angle": 0, "axis": "z", "origin": [25.25, 9.75, 0]},
			"faces": {
				"north": {"uv": [11.75, 1.625, 12.5, 1.9375], "texture": "#0"},
				"east": {"uv": [3, 11.75, 3.625, 12.0625], "texture": "#0"},
				"south": {"uv": [11.75, 2, 12.5, 2.3125], "texture": "#0"},
				"west": {"uv": [11.75, 8.5, 12.375, 8.8125], "texture": "#0"},
				"up": {"uv": [11.125, 1.875, 10.375, 1.25], "texture": "#0"},
				"down": {"uv": [6.875, 10.5, 6.125, 11.125], "texture": "#0"}
			}
		},
		{
			"from": [20.35234, 8.1814, -2],
			"to": [24.28984, 9.9314, 3],
			"rotation": {"angle": 0, "axis": "z", "origin": [25.25, 9.75, 0]},
			"faces": {
				"north": {"uv": [8.375, 12, 8.875, 12.21875], "texture": "#0"},
				"east": {"uv": [11.125, 12, 11.75, 12.21875], "texture": "#0"},
				"south": {"uv": [4.125, 12.125, 4.625, 12.34375], "texture": "#0"},
				"west": {"uv": [3, 12.125, 3.625, 12.34375], "texture": "#0"},
				"up": {"uv": [3.5, 11.75, 3, 11.125], "texture": "#0"},
				"down": {"uv": [1.375, 11.25, 0.875, 11.875], "texture": "#0"}
			}
		},
		{
			"from": [19.75, 1.125, -5],
			"to": [28.75, 6.125, 6],
			"rotation": {"angle": 0, "axis": "z", "origin": [3, 3, 0]},
			"faces": {
				"north": {"uv": [8.75, 5, 9.875, 5.625], "texture": "#0"},
				"east": {"uv": [7.625, 0.625, 9, 1.25], "texture": "#0"},
				"south": {"uv": [7, 8.75, 8.125, 9.375], "texture": "#0"},
				"west": {"uv": [7.75, 6.625, 9.125, 7.25], "texture": "#0"},
				"up": {"uv": [3.875, 6, 2.75, 4.625], "texture": "#0"},
				"down": {"uv": [5, 4.625, 3.875, 6], "texture": "#0"}
			}
		},
		{
			"from": [20.5, 1.125, -6],
			"to": [24.5, 4.125, 7],
			"rotation": {"angle": 0, "axis": "z", "origin": [3, 3, 0]},
			"faces": {
				"north": {"uv": [8, 2.5, 8.5, 2.875], "texture": "#0"},
				"east": {"uv": [2.125, 9.625, 3.75, 10], "texture": "#0"},
				"south": {"uv": [11.75, 10.375, 12.25, 10.75], "texture": "#0"},
				"west": {"uv": [9.625, 3, 11.25, 3.375], "texture": "#0"},
				"up": {"uv": [8.75, 9.75, 8.25, 8.125], "texture": "#0"},
				"down": {"uv": [0.5, 8.5, 0, 10.125], "texture": "#0"}
			}
		},
		{
			"from": [-11.5, 1.125, -6],
			"to": [-7.5, 3.125, 7],
			"rotation": {"angle": 0, "axis": "z", "origin": [3, 3, 0]},
			"faces": {
				"north": {"uv": [5.25, 3, 5.75, 3.25], "texture": "#0"},
				"east": {"uv": [5.75, 4.375, 7.375, 4.625], "texture": "#0"},
				"south": {"uv": [9.125, 7, 9.625, 7.25], "texture": "#0"},
				"west": {"uv": [9.875, 5.375, 11.5, 5.625], "texture": "#0"},
				"up": {"uv": [1, 10.125, 0.5, 8.5], "texture": "#0"},
				"down": {"uv": [1.5, 8.5, 1, 10.125], "texture": "#0"}
			}
		},
		{
			"from": [-13, -1.875, -2.5],
			"to": [-8.5, 0.125, -0.5],
			"rotation": {"angle": 0, "axis": "z", "origin": [3, 3, 0]},
			"faces": {
				"north": {"uv": [11.875, 9.5, 12.4375, 9.75], "texture": "#0"},
				"east": {"uv": [7.875, 5.875, 8.125, 6.125], "texture": "#0"},
				"south": {"uv": [12, 3, 12.5625, 3.25], "texture": "#0"},
				"west": {"uv": [8.5, 7.875, 8.75, 8.125], "texture": "#0"},
				"up": {"uv": [12.5625, 3.5, 12, 3.25], "texture": "#0"},
				"down": {"uv": [12.5625, 3.5, 12, 3.75], "texture": "#0"}
			}
		},
		{
			"from": [-13, -1.875, 1.75],
			"to": [-8.5, 0.125, 3.75],
			"rotation": {"angle": 0, "axis": "z", "origin": [3, 3, 0]},
			"faces": {
				"north": {"uv": [12, 3.75, 12.5625, 4], "texture": "#0"},
				"east": {"uv": [9, 1, 9.25, 1.25], "texture": "#0"},
				"south": {"uv": [5.75, 12, 6.3125, 12.25], "texture": "#0"},
				"west": {"uv": [3.75, 9.625, 4, 9.875], "texture": "#0"},
				"up": {"uv": [7.3125, 12.25, 6.75, 12], "texture": "#0"},
				"down": {"uv": [9.9375, 12, 9.375, 12.25], "texture": "#0"}
			}
		},
		{
			"from": [-1, 3, -2],
			"to": [1, 11, 3],
			"rotation": {"angle": 22.5, "axis": "z", "origin": [3, 3, 0]},
			"faces": {
				"north": {"uv": [9, 0, 9.25, 1], "texture": "#0"},
				"east": {"uv": [1.5, 9.625, 2.125, 10.625], "texture": "#0"},
				"south": {"uv": [10, 11.125, 10.25, 12.125], "texture": "#0"},
				"west": {"uv": [9.625, 2, 10.25, 3], "texture": "#0"},
				"up": {"uv": [11.125, 12.25, 10.875, 11.625], "texture": "#0"},
				"down": {"uv": [12.125, 8.875, 11.875, 9.5], "texture": "#0"}
			}
		},
		{
			"from": [19.375, 7.25, -2],
			"to": [20.375, 8.25, 3],
			"rotation": {"angle": -22.5, "axis": "z", "origin": [20, 11, 0]},
			"faces": {
				"north": {"uv": [8, 2.875, 8.125, 3], "texture": "#0"},
				"east": {"uv": [8.25, 6.5, 8.875, 6.625], "texture": "#0"},
				"south": {"uv": [8.125, 2.875, 8.25, 3], "texture": "#0"},
				"west": {"uv": [8.5, 4.25, 9.125, 4.375], "texture": "#0"},
				"up": {"uv": [8.25, 9.375, 8.125, 8.75], "texture": "#0"},
				"down": {"uv": [9.375, 0, 9.25, 0.625], "texture": "#0"}
			}
		},
		{
			"from": [19.375, 8.25, 3],
			"to": [20.375, 13.25, 4],
			"rotation": {"angle": -22.5, "axis": "z", "origin": [20, 11, 0]},
			"faces": {
				"north": {"uv": [10.375, 5.875, 10.5, 6.5], "texture": "#0"},
				"east": {"uv": [10.25, 11.125, 10.375, 11.75], "texture": "#0"},
				"south": {"uv": [0.5, 11.375, 0.625, 12], "texture": "#0"},
				"west": {"uv": [4.625, 11.5, 4.75, 12.125], "texture": "#0"},
				"up": {"uv": [9, 4.5, 8.875, 4.375], "texture": "#0"},
				"down": {"uv": [9, 6.5, 8.875, 6.625], "texture": "#0"}
			}
		},
		{
			"from": [19.375, 8.25, -3],
			"to": [20.375, 13.25, -2],
			"rotation": {"angle": -22.5, "axis": "z", "origin": [20, 11, 0]},
			"faces": {
				"north": {"uv": [7.75, 11.5, 7.875, 12.125], "texture": "#0"},
				"east": {"uv": [3.625, 11.75, 3.75, 12.375], "texture": "#0"},
				"south": {"uv": [10.25, 11.75, 10.375, 12.375], "texture": "#0"},
				"west": {"uv": [1.25, 11.875, 1.375, 12.5], "texture": "#0"},
				"up": {"uv": [9.125, 4.5, 9, 4.375], "texture": "#0"},
				"down": {"uv": [9.125, 6.5, 9, 6.625], "texture": "#0"}
			}
		},
		{
			"from": [19.375, 13.25, -2],
			"to": [20.375, 14.25, 3],
			"rotation": {"angle": -22.5, "axis": "z", "origin": [20, 11, 0]},
			"faces": {
				"north": {"uv": [8.25, 2.875, 8.375, 3], "texture": "#0"},
				"east": {"uv": [9.625, 4.375, 10.25, 4.5], "texture": "#0"},
				"south": {"uv": [8.375, 2.875, 8.5, 3], "texture": "#0"},
				"west": {"uv": [10.25, 4.875, 10.875, 5], "texture": "#0"},
				"up": {"uv": [9.375, 1.25, 9.25, 0.625], "texture": "#0"},
				"down": {"uv": [8, 10, 7.875, 10.625], "texture": "#0"}
			}
		},
		{
			"from": [19.375, 13.25, -2.75],
			"to": [20.375, 14, -2],
			"rotation": {"angle": -22.5, "axis": "z", "origin": [20, 11, 0]},
			"faces": {
				"north": {"uv": [9.375, 2.375, 9.5, 2.46875], "texture": "#0"},
				"east": {"uv": [10.5, 1.875, 10.59375, 1.96875], "texture": "#0"},
				"south": {"uv": [9.5, 2.375, 9.625, 2.46875], "texture": "#0"},
				"west": {"uv": [6.875, 10.5, 6.96875, 10.59375], "texture": "#0"},
				"up": {"uv": [5.75, 9.84375, 5.625, 9.75], "texture": "#0"},
				"down": {"uv": [10, 1.25, 9.875, 1.34375], "texture": "#0"}
			}
		},
		{
			"from": [19.375, 13.25, 3],
			"to": [20.375, 14, 3.75],
			"rotation": {"angle": -22.5, "axis": "z", "origin": [20, 11, 0]},
			"faces": {
				"north": {"uv": [4.25, 9.875, 4.375, 9.96875], "texture": "#0"},
				"east": {"uv": [10.5, 9.875, 10.59375, 9.96875], "texture": "#0"},
				"south": {"uv": [4.375, 9.875, 4.5, 9.96875], "texture": "#0"},
				"west": {"uv": [10.625, 1.875, 10.71875, 1.96875], "texture": "#0"},
				"up": {"uv": [4.625, 9.96875, 4.5, 9.875], "texture": "#0"},
				"down": {"uv": [10.125, 1.25, 10, 1.34375], "texture": "#0"}
			}
		},
		{
			"from": [19.375, 7.5, 3],
			"to": [20.375, 8.25, 3.75],
			"rotation": {"angle": -22.5, "axis": "z", "origin": [20, 11, 0]},
			"faces": {
				"north": {"uv": [10.25, 9.875, 10.375, 9.96875], "texture": "#0"},
				"east": {"uv": [9.375, 10.75, 9.46875, 10.84375], "texture": "#0"},
				"south": {"uv": [10.375, 1.875, 10.5, 1.96875], "texture": "#0"},
				"west": {"uv": [10.875, 1.875, 10.96875, 1.96875], "texture": "#0"},
				"up": {"uv": [10.5, 9.96875, 10.375, 9.875], "texture": "#0"},
				"down": {"uv": [1.5, 10.5, 1.375, 10.59375], "texture": "#0"}
			}
		},
		{
			"from": [19.375, 8.25, 2.75],
			"to": [20.375, 8.5, 3],
			"rotation": {"angle": -22.5, "axis": "z", "origin": [20, 11, 0]},
			"faces": {
				"north": {"uv": [10.875, 4.25, 11, 4.28125], "texture": "#0"},
				"east": {"uv": [8.375, 11.125, 8.40625, 11.15625], "texture": "#0"},
				"south": {"uv": [10.875, 4.875, 11, 4.90625], "texture": "#0"},
				"west": {"uv": [11.25, 2.5, 11.28125, 2.53125], "texture": "#0"},
				"up": {"uv": [8.5, 10.90625, 8.375, 10.875], "texture": "#0"},
				"down": {"uv": [9.5, 10.875, 9.375, 10.90625], "texture": "#0"}
			}
		},
		{
			"from": [19.375, 8.25, -2],
			"to": [20.375, 8.5, -1.75],
			"rotation": {"angle": -22.5, "axis": "z", "origin": [20, 11, 0]},
			"faces": {
				"north": {"uv": [11, 1.875, 11.125, 1.90625], "texture": "#0"},
				"east": {"uv": [11.25, 3, 11.28125, 3.03125], "texture": "#0"},
				"south": {"uv": [11, 4.25, 11.125, 4.28125], "texture": "#0"},
				"west": {"uv": [11.25, 3.125, 11.28125, 3.15625], "texture": "#0"},
				"up": {"uv": [11.125, 4.90625, 11, 4.875], "texture": "#0"},
				"down": {"uv": [5.125, 11, 5, 11.03125], "texture": "#0"}
			}
		},
		{
			"from": [19.375, 13, -2],
			"to": [20.375, 13.25, -1.75],
			"rotation": {"angle": -22.5, "axis": "z", "origin": [20, 11, 0]},
			"faces": {
				"north": {"uv": [11.125, 4.25, 11.25, 4.28125], "texture": "#0"},
				"east": {"uv": [11.25, 4.875, 11.28125, 4.90625], "texture": "#0"},
				"south": {"uv": [11.125, 4.875, 11.25, 4.90625], "texture": "#0"},
				"west": {"uv": [6.75, 11.25, 6.78125, 11.28125], "texture": "#0"},
				"up": {"uv": [6.875, 11.15625, 6.75, 11.125], "texture": "#0"},
				"down": {"uv": [11.25, 6.875, 11.125, 6.90625], "texture": "#0"}
			}
		},
		{
			"from": [19.375, 13, 2.75],
			"to": [20.375, 13.25, 3],
			"rotation": {"angle": -22.5, "axis": "z", "origin": [20, 11, 0]},
			"faces": {
				"north": {"uv": [11, 6.875, 11.125, 6.90625], "texture": "#0"},
				"east": {"uv": [11.25, 3.25, 11.28125, 3.28125], "texture": "#0"},
				"south": {"uv": [8.375, 11, 8.5, 11.03125], "texture": "#0"},
				"west": {"uv": [11.25, 4.75, 11.28125, 4.78125], "texture": "#0"},
				"up": {"uv": [9.5, 11.03125, 9.375, 11], "texture": "#0"},
				"down": {"uv": [11.25, 2.5, 11.125, 2.53125], "texture": "#0"}
			}
		},
		{
			"from": [19.375, 7.5, -2.75],
			"to": [20.375, 8.25, -2],
			"rotation": {"angle": -22.5, "axis": "z", "origin": [20, 11, 0]},
			"faces": {
				"north": {"uv": [10.125, 1.25, 10.25, 1.34375], "texture": "#0"},
				"east": {"uv": [10.75, 1.875, 10.84375, 1.96875], "texture": "#0"},
				"south": {"uv": [8.5, 10.125, 8.625, 10.21875], "texture": "#0"},
				"west": {"uv": [10.75, 4.25, 10.84375, 4.34375], "texture": "#0"},
				"up": {"uv": [8.75, 10.21875, 8.625, 10.125], "texture": "#0"},
				"down": {"uv": [10.375, 1.25, 10.25, 1.34375], "texture": "#0"}
			}
		}
	],
	"display": {
		"thirdperson_righthand": {
			"rotation": [0, 114, 0],
			"translation": [0.75, 1.5, 0],
			"scale": [0.16, 0.16, 0.16]
		},
		"thirdperson_lefthand": {
			"rotation": [0, 114, 0],
			"translation": [0.75, 1.5, 0],
			"scale": [0.16, 0.16, 0.16]
		},
		"firstperson_righthand": {
			"scale": [0.2, 0.2, 0.2]
		},
		"firstperson_lefthand": {
			"scale": [0.2, 0.2, 0.2]
		},
		"ground": {
			"rotation": [90, -90, 0],
			"translation": [-7.5, 8.75, 11],
			"scale": [1.04, 1.04, 1.04]
		},
		"gui": {
			"rotation": [14, -70, 0],
			"translation": [-2.75, 1, 0],
			"scale": [0.5, 0.5, 0.5]
		}
	},
	"groups": [
		0,
		1,
		2,
		3,
		4,
		5,
		6,
		7,
		8,
		9,
		{
			"name": "group",
			"origin": [22.5625, 0.5, -7.8125],
			"color": 0,
			"children": [10, 11, 12, 13, 14]
		},
		{
			"name": "group",
			"origin": [22.5625, 0.5, -7.8125],
			"color": 0,
			"children": [15, 16, 17, 18, 19]
		},
		20,
		21,
		22,
		23,
		24,
		25,
		26,
		27,
		28,
		29,
		30,
		31,
		32,
		33,
		34,
		35,
		36,
		37,
		38,
		39,
		40,
		41,
		42,
		43,
		44,
		45,
		46,
		47,
		48,
		49,
		50,
		51,
		52,
		53,
		54,
		55,
		56
	]
}