{
	"credit": "Made with Blockbench",
	"texture_size": [32, 32],
	"textures": {
		"0": "item/item08",
		"particle": "item/item08"
	},
	"elements": [
		{
			"from": [7.75, 0, 7.625],
			"to": [8.25, 1.525, 8.375],
			"rotation": {"angle": 0, "axis": "y", "origin": [0, -0.425, 0]},
			"faces": {
				"north": {"uv": [2.5, 3, 2.75, 3.75], "texture": "#0"},
				"east": {"uv": [2, 2, 2.375, 2.75], "texture": "#0"},
				"south": {"uv": [3, 3, 3.25, 3.75], "texture": "#0"},
				"west": {"uv": [2.5, 0, 2.875, 0.75], "texture": "#0"},
				"up": {"uv": [5.75, 0.375, 5.5, 0], "texture": "#0"},
				"down": {"uv": [0.75, 5.5, 0.5, 5.875], "texture": "#0"}
			}
		},
		{
			"from": [8.25, 0.575, 7.825],
			"to": [9, 2.575, 8.175],
			"rotation": {"angle": 0, "axis": "y", "origin": [0, -0.425, 0]},
			"faces": {
				"north": {"uv": [0, 2, 0.375, 3], "texture": "#0"},
				"east": {"uv": [3.5, 2, 3.6875, 3], "texture": "#0"},
				"south": {"uv": [2, 0, 2.375, 1], "texture": "#0"},
				"west": {"uv": [3.5, 3, 3.6875, 4], "texture": "#0"},
				"up": {"uv": [6.875, 5.1875, 6.5, 5], "texture": "#0"},
				"down": {"uv": [5.875, 6.5, 5.5, 6.6875], "texture": "#0"}
			}
		},
		{
			"from": [8.5, 1.325, 7.9],
			"to": [10, 3.075, 8.1],
			"rotation": {"angle": 0, "axis": "y", "origin": [0, -0.425, 0]},
			"faces": {
				"north": {"uv": [0, 0, 0.75, 0.875], "texture": "#0"},
				"east": {"uv": [6, 4, 6.09375, 4.875], "texture": "#0"},
				"south": {"uv": [0, 1, 0.75, 1.875], "texture": "#0"},
				"west": {"uv": [4.5, 6, 4.59375, 6.875], "texture": "#0"},
				"up": {"uv": [7.25, 5.59375, 6.5, 5.5], "texture": "#0"},
				"down": {"uv": [7.25, 6, 6.5, 6.09375], "texture": "#0"}
			}
		},
		{
			"from": [9, 0.825, 7.85],
			"to": [9.25, 1.325, 8.15],
			"rotation": {"angle": 0, "axis": "y", "origin": [0, -0.425, 0]},
			"faces": {
				"north": {"uv": [7.5, 3, 7.625, 3.25], "texture": "#0"},
				"east": {"uv": [1, 7.5, 1.15625, 7.75], "texture": "#0"},
				"south": {"uv": [3.5, 7.5, 3.625, 7.75], "texture": "#0"},
				"west": {"uv": [7.5, 1, 7.65625, 1.25], "texture": "#0"},
				"up": {"uv": [3.125, 8.15625, 3, 8], "texture": "#0"},
				"down": {"uv": [8.125, 3, 8, 3.15625], "texture": "#0"}
			}
		},
		{
			"from": [10, 1.575, 7.95],
			"to": [10.25, 2.825, 8.05],
			"rotation": {"angle": 0, "axis": "y", "origin": [0, -0.425, 0]},
			"faces": {
				"north": {"uv": [6, 6, 6.125, 6.625], "texture": "#0"},
				"east": {"uv": [7.5, 0, 7.5625, 0.625], "texture": "#0"},
				"south": {"uv": [6.5, 0, 6.625, 0.625], "texture": "#0"},
				"west": {"uv": [0.5, 7.5, 0.5625, 8.125], "texture": "#0"},
				"up": {"uv": [0.125, 9.0625, 0, 9], "texture": "#0"},
				"down": {"uv": [9.125, 0, 9, 0.0625], "texture": "#0"}
			}
		},
		{
			"from": [8.75, 3.075, 7.95],
			"to": [9.75, 3.325, 8.05],
			"rotation": {"angle": 0, "axis": "y", "origin": [0, -0.425, 0]},
			"faces": {
				"north": {"uv": [2.5, 7, 3, 7.125], "texture": "#0"},
				"east": {"uv": [8.5, 8, 8.5625, 8.125], "texture": "#0"},
				"south": {"uv": [3, 7, 3.5, 7.125], "texture": "#0"},
				"west": {"uv": [8.5, 8.5, 8.5625, 8.625], "texture": "#0"},
				"up": {"uv": [8, 2.5625, 7.5, 2.5], "texture": "#0"},
				"down": {"uv": [3.5, 7.5, 3, 7.5625], "texture": "#0"}
			}
		},
		{
			"from": [3.325, 0.3, 10.15],
			"to": [4.075, 2.3, 10.5],
			"rotation": {"angle": 22.5, "axis": "y", "origin": [0, -0.425, 0]},
			"faces": {
				"north": {"uv": [0.5, 2, 0.875, 3], "texture": "#0"},
				"east": {"uv": [0, 4, 0.1875, 5], "texture": "#0"},
				"south": {"uv": [1, 2, 1.375, 3], "texture": "#0"},
				"west": {"uv": [4, 0, 4.1875, 1], "texture": "#0"},
				"up": {"uv": [7.375, 0.1875, 7, 0], "texture": "#0"},
				"down": {"uv": [7.375, 0.5, 7, 0.6875], "texture": "#0"}
			}
		},
		{
			"from": [3.075, 0.65, 10.175],
			"to": [3.325, 1.15, 10.475],
			"rotation": {"angle": 22.5, "axis": "y", "origin": [0, -0.425, 0]},
			"faces": {
				"north": {"uv": [7.5, 4, 7.625, 4.25], "texture": "#0"},
				"east": {"uv": [2, 7.5, 2.15625, 7.75], "texture": "#0"},
				"south": {"uv": [4.5, 7.5, 4.625, 7.75], "texture": "#0"},
				"west": {"uv": [2.5, 7.5, 2.65625, 7.75], "texture": "#0"},
				"up": {"uv": [3.625, 8.15625, 3.5, 8], "texture": "#0"},
				"down": {"uv": [8.125, 3.5, 8, 3.65625], "texture": "#0"}
			}
		},
		{
			"from": [2.325, 0.85, 10.225],
			"to": [3.825, 2.6, 10.425],
			"rotation": {"angle": 22.5, "axis": "y", "origin": [0, -0.425, 0]},
			"faces": {
				"north": {"uv": [1, 0, 1.75, 0.875], "texture": "#0"},
				"east": {"uv": [5, 6, 5.09375, 6.875], "texture": "#0"},
				"south": {"uv": [1, 1, 1.75, 1.875], "texture": "#0"},
				"west": {"uv": [6, 5, 6.09375, 5.875], "texture": "#0"},
				"up": {"uv": [7.25, 6.59375, 6.5, 6.5], "texture": "#0"},
				"down": {"uv": [0.75, 7, 0, 7.09375], "texture": "#0"}
			}
		},
		{
			"from": [2.575, 2.6, 10.275],
			"to": [3.575, 2.85, 10.375],
			"rotation": {"angle": 22.5, "axis": "y", "origin": [0, -0.425, 0]},
			"faces": {
				"north": {"uv": [3.5, 7, 4, 7.125], "texture": "#0"},
				"east": {"uv": [1, 9, 1.0625, 9.125], "texture": "#0"},
				"south": {"uv": [4, 7, 4.5, 7.125], "texture": "#0"},
				"west": {"uv": [9, 1, 9.0625, 1.125], "texture": "#0"},
				"up": {"uv": [8, 3.5625, 7.5, 3.5], "texture": "#0"},
				"down": {"uv": [4.5, 7.5, 4, 7.5625], "texture": "#0"}
			}
		},
		{
			"from": [2.075, 1.1, 10.275],
			"to": [2.325, 2.35, 10.375],
			"rotation": {"angle": 22.5, "axis": "y", "origin": [0, -0.425, 0]},
			"faces": {
				"north": {"uv": [1, 6.5, 1.125, 7.125], "texture": "#0"},
				"east": {"uv": [1.5, 7.5, 1.5625, 8.125], "texture": "#0"},
				"south": {"uv": [6.5, 1, 6.625, 1.625], "texture": "#0"},
				"west": {"uv": [7.5, 1.5, 7.5625, 2.125], "texture": "#0"},
				"up": {"uv": [0.625, 9.0625, 0.5, 9], "texture": "#0"},
				"down": {"uv": [9.125, 0.5, 9, 0.5625], "texture": "#0"}
			}
		},
		{
			"from": [7.6, 0, 7.75],
			"to": [8.4, 1.525, 8.25],
			"rotation": {"angle": 0, "axis": "y", "origin": [0, -0.425, 0]},
			"faces": {
				"north": {"uv": [2, 1, 2.40625, 1.75], "texture": "#0"},
				"east": {"uv": [3.5, 0, 3.75, 0.75], "texture": "#0"},
				"south": {"uv": [1.5, 2, 1.90625, 2.75], "texture": "#0"},
				"west": {"uv": [3.5, 1, 3.75, 1.75], "texture": "#0"},
				"up": {"uv": [0.40625, 5.25, 0, 5], "texture": "#0"},
				"down": {"uv": [5.40625, 3.5, 5, 3.75], "texture": "#0"}
			}
		},
		{
			"from": [7.85, 0.975, 7.65],
			"to": [8.25, 2.075, 8.35],
			"rotation": {"angle": 0, "axis": "y", "origin": [0, -0.425, 0]},
			"faces": {
				"north": {"uv": [4.5, 3.5, 4.6875, 4.0625], "texture": "#0"},
				"east": {"uv": [1, 3, 1.34375, 3.5625], "texture": "#0"},
				"south": {"uv": [4, 4.5, 4.1875, 5.0625], "texture": "#0"},
				"west": {"uv": [1.5, 3, 1.84375, 3.5625], "texture": "#0"},
				"up": {"uv": [7.1875, 1.84375, 7, 1.5], "texture": "#0"},
				"down": {"uv": [2.1875, 7, 2, 7.34375], "texture": "#0"}
			}
		},
		{
			"from": [7.65, 0.975, 7.8],
			"to": [8.35, 2.075, 8.2],
			"rotation": {"angle": 0, "axis": "y", "origin": [0, -0.425, 0]},
			"faces": {
				"north": {"uv": [3, 0, 3.34375, 0.5625], "texture": "#0"},
				"east": {"uv": [4.5, 2.5, 4.6875, 3.0625], "texture": "#0"},
				"south": {"uv": [0.5, 3, 0.84375, 3.5625], "texture": "#0"},
				"west": {"uv": [3.5, 4.5, 3.6875, 5.0625], "texture": "#0"},
				"up": {"uv": [7.34375, 1.1875, 7, 1], "texture": "#0"},
				"down": {"uv": [1.84375, 7, 1.5, 7.1875], "texture": "#0"}
			}
		},
		{
			"from": [7.775, 1.525, 7.675],
			"to": [8.075, 2.625, 8.375],
			"rotation": {"angle": 0, "axis": "y", "origin": [0, -0.425, 0]},
			"faces": {
				"north": {"uv": [5.5, 3.5, 5.65625, 4.0625], "texture": "#0"},
				"east": {"uv": [2, 3, 2.34375, 3.5625], "texture": "#0"},
				"south": {"uv": [4, 5.5, 4.15625, 6.0625], "texture": "#0"},
				"west": {"uv": [3, 2, 3.34375, 2.5625], "texture": "#0"},
				"up": {"uv": [4.65625, 7.34375, 4.5, 7], "texture": "#0"},
				"down": {"uv": [5.15625, 7, 5, 7.34375], "texture": "#0"}
			}
		},
		{
			"from": [7.6, 1.525, 7.875],
			"to": [8.25, 2.625, 8.175],
			"rotation": {"angle": 0, "axis": "y", "origin": [0, -0.425, 0]},
			"faces": {
				"north": {"uv": [4, 2, 4.3125, 2.5625], "texture": "#0"},
				"east": {"uv": [3, 5.5, 3.15625, 6.0625], "texture": "#0"},
				"south": {"uv": [2.5, 4, 2.8125, 4.5625], "texture": "#0"},
				"west": {"uv": [3.5, 5.5, 3.65625, 6.0625], "texture": "#0"},
				"up": {"uv": [7.3125, 5.15625, 7, 5], "texture": "#0"},
				"down": {"uv": [6.8125, 7, 6.5, 7.15625], "texture": "#0"}
			}
		},
		{
			"from": [7.825, 2.575, 7.75],
			"to": [8.025, 3.725, 8.3],
			"rotation": {"angle": 0, "axis": "y", "origin": [0, -0.425, 0]},
			"faces": {
				"north": {"uv": [5.5, 7, 5.59375, 7.5625], "texture": "#0"},
				"east": {"uv": [3, 4, 3.28125, 4.5625], "texture": "#0"},
				"south": {"uv": [6, 7, 6.09375, 7.5625], "texture": "#0"},
				"west": {"uv": [4, 3, 4.28125, 3.5625], "texture": "#0"},
				"up": {"uv": [7.59375, 6.78125, 7.5, 6.5], "texture": "#0"},
				"down": {"uv": [7.09375, 7.5, 7, 7.78125], "texture": "#0"}
			}
		},
		{
			"from": [7.625, 2.575, 7.925],
			"to": [8.225, 3.225, 8.125],
			"rotation": {"angle": 0, "axis": "y", "origin": [0, -0.425, 0]},
			"faces": {
				"north": {"uv": [5, 4, 5.3125, 4.3125], "texture": "#0"},
				"east": {"uv": [7.5, 4.5, 7.59375, 4.8125], "texture": "#0"},
				"south": {"uv": [0, 5.5, 0.3125, 5.8125], "texture": "#0"},
				"west": {"uv": [5, 7.5, 5.09375, 7.8125], "texture": "#0"},
				"up": {"uv": [7.8125, 5.09375, 7.5, 5], "texture": "#0"},
				"down": {"uv": [7.8125, 5.5, 7.5, 5.59375], "texture": "#0"}
			}
		},
		{
			"from": [7.4, 3.175, 7.925],
			"to": [8.45, 3.975, 8.35],
			"rotation": {"angle": 0, "axis": "y", "origin": [0, -0.425, 0]},
			"faces": {
				"north": {"uv": [2.5, 1, 3.03125, 1.40625], "texture": "#0"},
				"east": {"uv": [5.5, 0.5, 5.71875, 0.90625], "texture": "#0"},
				"south": {"uv": [2.5, 1.5, 3.03125, 1.90625], "texture": "#0"},
				"west": {"uv": [5.5, 2, 5.71875, 2.40625], "texture": "#0"},
				"up": {"uv": [5.03125, 0.71875, 4.5, 0.5], "texture": "#0"},
				"down": {"uv": [5.03125, 2, 4.5, 2.21875], "texture": "#0"}
			}
		},
		{
			"from": [7.525, 3.05, 8.225],
			"to": [8.325, 4.1, 8.575],
			"rotation": {"angle": 0, "axis": "y", "origin": [0, -0.425, 0]},
			"faces": {
				"north": {"uv": [2.5, 2, 2.90625, 2.53125], "texture": "#0"},
				"east": {"uv": [4.5, 5, 4.6875, 5.53125], "texture": "#0"},
				"south": {"uv": [0, 3, 0.40625, 3.53125], "texture": "#0"},
				"west": {"uv": [5, 5, 5.1875, 5.53125], "texture": "#0"},
				"up": {"uv": [1.90625, 6.6875, 1.5, 6.5], "texture": "#0"},
				"down": {"uv": [2.40625, 6.5, 2, 6.6875], "texture": "#0"}
			}
		},
		{
			"from": [7.275, 3.3, 8.225],
			"to": [8.575, 3.85, 8.55],
			"rotation": {"angle": 0, "axis": "y", "origin": [0, -0.425, 0]},
			"faces": {
				"north": {"uv": [0.5, 4, 1.15625, 4.28125], "texture": "#0"},
				"east": {"uv": [7, 7, 7.15625, 7.28125], "texture": "#0"},
				"south": {"uv": [4, 1, 4.65625, 1.28125], "texture": "#0"},
				"west": {"uv": [0, 7.5, 0.15625, 7.78125], "texture": "#0"},
				"up": {"uv": [5.65625, 2.65625, 5, 2.5], "texture": "#0"},
				"down": {"uv": [5.65625, 3, 5, 3.15625], "texture": "#0"}
			}
		},
		{
			"from": [7.325, 4.05, 8.275],
			"to": [8.525, 4.3, 8.5],
			"rotation": {"angle": 0, "axis": "y", "origin": [0, -0.425, 0]},
			"faces": {
				"north": {"uv": [6.5, 2, 7.09375, 2.125], "texture": "#0"},
				"east": {"uv": [5, 8, 5.125, 8.125], "texture": "#0"},
				"south": {"uv": [2.5, 6.5, 3.09375, 6.625], "texture": "#0"},
				"west": {"uv": [8, 5, 8.125, 5.125], "texture": "#0"},
				"up": {"uv": [7.09375, 2.625, 6.5, 2.5], "texture": "#0"},
				"down": {"uv": [7.09375, 3, 6.5, 3.125], "texture": "#0"}
			}
		},
		{
			"from": [7.075, 4.275, 8.325],
			"to": [8.775, 4.675, 8.55],
			"rotation": {"angle": 0, "axis": "y", "origin": [0, -0.425, 0]},
			"faces": {
				"north": {"uv": [3.5, 4, 4.34375, 4.1875], "texture": "#0"},
				"east": {"uv": [0, 8, 0.125, 8.1875], "texture": "#0"},
				"south": {"uv": [4.5, 0, 5.34375, 0.1875], "texture": "#0"},
				"west": {"uv": [8, 0, 8.125, 0.1875], "texture": "#0"},
				"up": {"uv": [5.34375, 4.625, 4.5, 4.5], "texture": "#0"},
				"down": {"uv": [5.84375, 1, 5, 1.125], "texture": "#0"}
			}
		},
		{
			"from": [6.8, 4.3, 8.325],
			"to": [7.075, 4.575, 8.55],
			"rotation": {"angle": 0, "axis": "y", "origin": [0, -0.425, 0]},
			"faces": {
				"north": {"uv": [8.5, 4.5, 8.625, 4.625], "texture": "#0"},
				"east": {"uv": [5, 8.5, 5.125, 8.625], "texture": "#0"},
				"south": {"uv": [8.5, 5, 8.625, 5.125], "texture": "#0"},
				"west": {"uv": [5.5, 8.5, 5.625, 8.625], "texture": "#0"},
				"up": {"uv": [8.625, 5.625, 8.5, 5.5], "texture": "#0"},
				"down": {"uv": [6.125, 8.5, 6, 8.625], "texture": "#0"}
			}
		},
		{
			"from": [8.775, 4.3, 8.325],
			"to": [9.05, 4.575, 8.55],
			"rotation": {"angle": 0, "axis": "y", "origin": [0, -0.425, 0]},
			"faces": {
				"north": {"uv": [8.5, 6, 8.625, 6.125], "texture": "#0"},
				"east": {"uv": [6.5, 8.5, 6.625, 8.625], "texture": "#0"},
				"south": {"uv": [8.5, 6.5, 8.625, 6.625], "texture": "#0"},
				"west": {"uv": [7, 8.5, 7.125, 8.625], "texture": "#0"},
				"up": {"uv": [8.625, 7.125, 8.5, 7], "texture": "#0"},
				"down": {"uv": [7.625, 8.5, 7.5, 8.625], "texture": "#0"}
			}
		},
		{
			"from": [8.775, 2.55, 8.325],
			"to": [9.05, 2.875, 8.55],
			"rotation": {"angle": 0, "axis": "y", "origin": [0, -0.425, 0]},
			"faces": {
				"north": {"uv": [4, 8, 4.125, 8.15625], "texture": "#0"},
				"east": {"uv": [8, 4, 8.125, 4.15625], "texture": "#0"},
				"south": {"uv": [4.5, 8, 4.625, 8.15625], "texture": "#0"},
				"west": {"uv": [8, 4.5, 8.125, 4.65625], "texture": "#0"},
				"up": {"uv": [8.625, 7.625, 8.5, 7.5], "texture": "#0"},
				"down": {"uv": [8.125, 8.5, 8, 8.625], "texture": "#0"}
			}
		},
		{
			"from": [6.775, 2.55, 8.325],
			"to": [7.075, 2.875, 8.55],
			"rotation": {"angle": 0, "axis": "y", "origin": [0, -0.425, 0]},
			"faces": {
				"north": {"uv": [7.5, 7, 7.65625, 7.15625], "texture": "#0"},
				"east": {"uv": [2, 8, 2.125, 8.15625], "texture": "#0"},
				"south": {"uv": [7.5, 7.5, 7.65625, 7.65625], "texture": "#0"},
				"west": {"uv": [8, 2, 8.125, 2.15625], "texture": "#0"},
				"up": {"uv": [2.65625, 8.125, 2.5, 8], "texture": "#0"},
				"down": {"uv": [8.15625, 2.5, 8, 2.625], "texture": "#0"}
			}
		},
		{
			"from": [7.075, 2.475, 8.325],
			"to": [8.775, 2.9, 8.55],
			"rotation": {"angle": 0, "axis": "y", "origin": [0, -0.425, 0]},
			"faces": {
				"north": {"uv": [1.5, 4, 2.34375, 4.21875], "texture": "#0"},
				"east": {"uv": [7.5, 6, 7.625, 6.21875], "texture": "#0"},
				"south": {"uv": [4, 1.5, 4.84375, 1.71875], "texture": "#0"},
				"west": {"uv": [6.5, 7.5, 6.625, 7.71875], "texture": "#0"},
				"up": {"uv": [5.84375, 1.625, 5, 1.5], "texture": "#0"},
				"down": {"uv": [3.34375, 5, 2.5, 5.125], "texture": "#0"}
			}
		},
		{
			"from": [6.7, 2.875, 8.325],
			"to": [7.1, 4.3, 8.55],
			"rotation": {"angle": 0, "axis": "y", "origin": [0, -0.425, 0]},
			"faces": {
				"north": {"uv": [0.5, 4.5, 0.6875, 5.21875], "texture": "#0"},
				"east": {"uv": [1, 5.5, 1.125, 6.21875], "texture": "#0"},
				"south": {"uv": [1, 4.5, 1.1875, 5.21875], "texture": "#0"},
				"west": {"uv": [1.5, 5.5, 1.625, 6.21875], "texture": "#0"},
				"up": {"uv": [8.1875, 0.625, 8, 0.5], "texture": "#0"},
				"down": {"uv": [1.1875, 8, 1, 8.125], "texture": "#0"}
			}
		},
		{
			"from": [8.75, 2.875, 8.325],
			"to": [9.15, 4.3, 8.55],
			"rotation": {"angle": 0, "axis": "y", "origin": [0, -0.425, 0]},
			"faces": {
				"north": {"uv": [1.5, 4.5, 1.6875, 5.21875], "texture": "#0"},
				"east": {"uv": [2, 5.5, 2.125, 6.21875], "texture": "#0"},
				"south": {"uv": [2, 4.5, 2.1875, 5.21875], "texture": "#0"},
				"west": {"uv": [2.5, 5.5, 2.625, 6.21875], "texture": "#0"},
				"up": {"uv": [8.1875, 1.125, 8, 1], "texture": "#0"},
				"down": {"uv": [8.1875, 1.5, 8, 1.625], "texture": "#0"}
			}
		},
		{
			"from": [7.325, 3.825, 8.275],
			"to": [7.55, 4.05, 8.525],
			"rotation": {"angle": 0, "axis": "y", "origin": [0, -0.425, 0]},
			"faces": {
				"north": {"uv": [7, 8, 7.125, 8.125], "texture": "#0"},
				"east": {"uv": [8, 7, 8.125, 7.125], "texture": "#0"},
				"south": {"uv": [7.5, 8, 7.625, 8.125], "texture": "#0"},
				"west": {"uv": [8, 7.5, 8.125, 7.625], "texture": "#0"},
				"up": {"uv": [8.125, 8.125, 8, 8], "texture": "#0"},
				"down": {"uv": [0.125, 8.5, 0, 8.625], "texture": "#0"}
			}
		},
		{
			"from": [8.3, 3.825, 8.275],
			"to": [8.525, 4.05, 8.525],
			"rotation": {"angle": 0, "axis": "y", "origin": [0, -0.425, 0]},
			"faces": {
				"north": {"uv": [8.5, 0, 8.625, 0.125], "texture": "#0"},
				"east": {"uv": [0.5, 8.5, 0.625, 8.625], "texture": "#0"},
				"south": {"uv": [8.5, 0.5, 8.625, 0.625], "texture": "#0"},
				"west": {"uv": [1, 8.5, 1.125, 8.625], "texture": "#0"},
				"up": {"uv": [8.625, 1.125, 8.5, 1], "texture": "#0"},
				"down": {"uv": [1.625, 8.5, 1.5, 8.625], "texture": "#0"}
			}
		},
		{
			"from": [8.3, 3.125, 8.275],
			"to": [8.525, 3.35, 8.525],
			"rotation": {"angle": 0, "axis": "y", "origin": [0, -0.425, 0]},
			"faces": {
				"north": {"uv": [8.5, 1.5, 8.625, 1.625], "texture": "#0"},
				"east": {"uv": [2, 8.5, 2.125, 8.625], "texture": "#0"},
				"south": {"uv": [8.5, 2, 8.625, 2.125], "texture": "#0"},
				"west": {"uv": [2.5, 8.5, 2.625, 8.625], "texture": "#0"},
				"up": {"uv": [8.625, 2.625, 8.5, 2.5], "texture": "#0"},
				"down": {"uv": [3.125, 8.5, 3, 8.625], "texture": "#0"}
			}
		},
		{
			"from": [7.325, 3.125, 8.275],
			"to": [7.55, 3.35, 8.525],
			"rotation": {"angle": 0, "axis": "y", "origin": [0, -0.425, 0]},
			"faces": {
				"north": {"uv": [8.5, 3, 8.625, 3.125], "texture": "#0"},
				"east": {"uv": [3.5, 8.5, 3.625, 8.625], "texture": "#0"},
				"south": {"uv": [8.5, 3.5, 8.625, 3.625], "texture": "#0"},
				"west": {"uv": [4, 8.5, 4.125, 8.625], "texture": "#0"},
				"up": {"uv": [8.625, 4.125, 8.5, 4], "texture": "#0"},
				"down": {"uv": [4.625, 8.5, 4.5, 8.625], "texture": "#0"}
			}
		},
		{
			"from": [7.075, 2.9, 8.275],
			"to": [7.325, 4.275, 8.5],
			"rotation": {"angle": 0, "axis": "y", "origin": [0, -0.425, 0]},
			"faces": {
				"north": {"uv": [5.5, 4.5, 5.625, 5.1875], "texture": "#0"},
				"east": {"uv": [5.5, 5.5, 5.625, 6.1875], "texture": "#0"},
				"south": {"uv": [0, 6, 0.125, 6.6875], "texture": "#0"},
				"west": {"uv": [6, 0, 6.125, 0.6875], "texture": "#0"},
				"up": {"uv": [6.125, 8.125, 6, 8], "texture": "#0"},
				"down": {"uv": [8.125, 6, 8, 6.125], "texture": "#0"}
			}
		},
		{
			"from": [8.525, 2.9, 8.275],
			"to": [8.775, 4.275, 8.5],
			"rotation": {"angle": 0, "axis": "y", "origin": [0, -0.425, 0]},
			"faces": {
				"north": {"uv": [0.5, 6, 0.625, 6.6875], "texture": "#0"},
				"east": {"uv": [6, 1, 6.125, 1.6875], "texture": "#0"},
				"south": {"uv": [6, 2, 6.125, 2.6875], "texture": "#0"},
				"west": {"uv": [6, 3, 6.125, 3.6875], "texture": "#0"},
				"up": {"uv": [6.625, 8.125, 6.5, 8], "texture": "#0"},
				"down": {"uv": [8.125, 6.5, 8, 6.625], "texture": "#0"}
			}
		},
		{
			"from": [7.325, 2.875, 8.275],
			"to": [8.525, 3.125, 8.5],
			"rotation": {"angle": 0, "axis": "y", "origin": [0, -0.425, 0]},
			"faces": {
				"north": {"uv": [3.5, 6.5, 4.09375, 6.625], "texture": "#0"},
				"east": {"uv": [5.5, 8, 5.625, 8.125], "texture": "#0"},
				"south": {"uv": [6.5, 3.5, 7.09375, 3.625], "texture": "#0"},
				"west": {"uv": [8, 5.5, 8.125, 5.625], "texture": "#0"},
				"up": {"uv": [7.09375, 4.125, 6.5, 4], "texture": "#0"},
				"down": {"uv": [7.09375, 4.5, 6.5, 4.625], "texture": "#0"}
			}
		}
	],
	"display": {
		"thirdperson_righthand": {
			"rotation": [0, -30, 0],
			"translation": [0, 10, 0],
			"scale": [1.38, 1.38, 1.38]
		},
		"thirdperson_lefthand": {
			"rotation": [0, -30, 0],
			"translation": [0, 10, 0],
			"scale": [1.38, 1.38, 1.38]
		},
		"firstperson_righthand": {
			"rotation": [0, -46, 0],
			"translation": [1, 11, 0],
			"scale": [1.36, 1.36, 1.36]
		},
		"firstperson_lefthand": {
			"rotation": [0, -46, 0],
			"translation": [1, 11, 0],
			"scale": [1.36, 1.36, 1.36]
		},
		"ground": {
			"translation": [0, 9, 0],
			"scale": [1.65, 1.65, 1.65]
		},
		"gui": {
			"rotation": [-8, -20, 0],
			"translation": [0.25, 14.75, 0],
			"scale": [2.69, 2.69, 2.69]
		},
		"head": {
			"translation": [0, 28.75, 0],
			"scale": [2.81, 2.81, 2.81]
		},
		"fixed": {
			"rotation": [0, -180, 0],
			"translation": [0, 19, 0],
			"scale": [3.4, 3.4, 3.4]
		}
	}
}