{
	"credit": "Made with Blockbench",
	"texture_size": [32, 32],
	"textures": {
		"0": "item/item06",
		"particle": "item/item06"
	},
	"elements": [
		{
			"from": [6, 3, 7.25],
			"to": [10, 7, 8.75],
			"faces": {
				"north": {"uv": [0, 0, 2, 2], "texture": "#0"},
				"east": {"uv": [5, 3, 5.75, 5], "texture": "#0"},
				"south": {"uv": [0, 2, 2, 4], "texture": "#0"},
				"west": {"uv": [4, 5, 4.75, 7], "texture": "#0"},
				"up": {"uv": [7, 5.75, 5, 5], "texture": "#0"},
				"down": {"uv": [2, 5.5, 0, 6.25], "texture": "#0"}
			}
		},
		{
			"from": [6.75, 7, 7.5],
			"to": [9.25, 8.75, 8.5],
			"faces": {
				"north": {"uv": [6, 0, 7.25, 0.875], "texture": "#0"},
				"east": {"uv": [0, 8, 0.5, 8.875], "texture": "#0"},
				"south": {"uv": [6, 1, 7.25, 1.875], "texture": "#0"},
				"west": {"uv": [0.5, 8, 1, 8.875], "texture": "#0"},
				"up": {"uv": [8.25, 6, 7, 5.5], "texture": "#0"},
				"down": {"uv": [8.75, 1, 7.5, 1.5], "texture": "#0"}
			}
		},
		{
			"from": [7.25, 8.5, 7.85],
			"to": [8.75, 10.25, 8.15],
			"faces": {
				"north": {"uv": [6.5, 3.5, 7.25, 4.375], "texture": "#0"},
				"east": {"uv": [4, 8, 4.125, 8.875], "texture": "#0"},
				"south": {"uv": [5.5, 6.5, 6.25, 7.375], "texture": "#0"},
				"west": {"uv": [8, 4, 8.125, 4.875], "texture": "#0"},
				"up": {"uv": [2.75, 8.625, 2, 8.5], "texture": "#0"},
				"down": {"uv": [9.25, 2, 8.5, 2.125], "texture": "#0"}
			}
		},
		{
			"from": [7.5, 10.25, 7.85],
			"to": [8.5, 10.75, 8.15],
			"rotation": {"angle": 0, "axis": "y", "origin": [0, 1, 0]},
			"faces": {
				"north": {"uv": [1, 8, 1.5, 8.25], "texture": "#0"},
				"east": {"uv": [9, 3, 9.125, 3.25], "texture": "#0"},
				"south": {"uv": [1.5, 8, 2, 8.25], "texture": "#0"},
				"west": {"uv": [9, 3.5, 9.125, 3.75], "texture": "#0"},
				"up": {"uv": [9, 8.625, 8.5, 8.5], "texture": "#0"},
				"down": {"uv": [0.5, 9, 0, 9.125], "texture": "#0"}
			}
		},
		{
			"from": [-1.25, 6.75, 7.5],
			"to": [2.5, 9.25, 8.5],
			"rotation": {"angle": -45, "axis": "z", "origin": [0.5, 0, 0]},
			"faces": {
				"north": {"uv": [2, 0, 3.875, 1.25], "texture": "#0"},
				"east": {"uv": [5.5, 7.5, 6, 8.75], "texture": "#0"},
				"south": {"uv": [2, 1.5, 3.875, 2.75], "texture": "#0"},
				"west": {"uv": [6, 7.5, 6.5, 8.75], "texture": "#0"},
				"up": {"uv": [7.875, 2.5, 6, 2], "texture": "#0"},
				"down": {"uv": [7.875, 2.5, 6, 3], "texture": "#0"}
			}
		},
		{
			"from": [-2.75, 7.25, 7.85],
			"to": [-1, 8.75, 8.15],
			"rotation": {"angle": -45, "axis": "z", "origin": [0.5, 0, 0]},
			"faces": {
				"north": {"uv": [6.5, 6.5, 7.375, 7.25], "texture": "#0"},
				"east": {"uv": [8.5, 2.5, 8.625, 3.25], "texture": "#0"},
				"south": {"uv": [0, 7, 0.875, 7.75], "texture": "#0"},
				"west": {"uv": [3, 8.5, 3.125, 9.25], "texture": "#0"},
				"up": {"uv": [5.375, 8.125, 4.5, 8], "texture": "#0"},
				"down": {"uv": [8.875, 5, 8, 5.125], "texture": "#0"}
			}
		},
		{
			"from": [-3.25, 7.5, 7.85],
			"to": [-2.75, 8.5, 8.15],
			"rotation": {"angle": -45, "axis": "z", "origin": [0.5, 0, 0]},
			"faces": {
				"north": {"uv": [2, 8, 2.25, 8.5], "texture": "#0"},
				"east": {"uv": [0.5, 9, 0.625, 9.5], "texture": "#0"},
				"south": {"uv": [8, 2, 8.25, 2.5], "texture": "#0"},
				"west": {"uv": [1, 9, 1.125, 9.5], "texture": "#0"},
				"up": {"uv": [4.25, 9.125, 4, 9], "texture": "#0"},
				"down": {"uv": [4.75, 9, 4.5, 9.125], "texture": "#0"}
			}
		},
		{
			"from": [1.75, 13.5, 7.85],
			"to": [3.25, 15.25, 8.15],
			"rotation": {"angle": -45, "axis": "z", "origin": [-1.5, 0, 0]},
			"faces": {
				"north": {"uv": [1, 7, 1.75, 7.875], "texture": "#0"},
				"east": {"uv": [8, 6, 8.125, 6.875], "texture": "#0"},
				"south": {"uv": [2, 7, 2.75, 7.875], "texture": "#0"},
				"west": {"uv": [8, 7, 8.125, 7.875], "texture": "#0"},
				"up": {"uv": [9.25, 4.125, 8.5, 4], "texture": "#0"},
				"down": {"uv": [5.25, 8.5, 4.5, 8.625], "texture": "#0"}
			}
		},
		{
			"from": [2, 15.25, 7.85],
			"to": [3, 15.75, 8.15],
			"rotation": {"angle": -45, "axis": "z", "origin": [-1.5, 0, 0]},
			"faces": {
				"north": {"uv": [6.5, 4.5, 7, 4.75], "texture": "#0"},
				"east": {"uv": [2.5, 9, 2.625, 9.25], "texture": "#0"},
				"south": {"uv": [7.5, 4, 8, 4.25], "texture": "#0"},
				"west": {"uv": [9, 2.5, 9.125, 2.75], "texture": "#0"},
				"up": {"uv": [9, 4.625, 8.5, 4.5], "texture": "#0"},
				"down": {"uv": [9, 7.5, 8.5, 7.625], "texture": "#0"}
			}
		},
		{
			"from": [1.25, 10, 7.5],
			"to": [3.75, 13.75, 8.5],
			"rotation": {"angle": -45, "axis": "z", "origin": [-1.5, 0, 0]},
			"faces": {
				"north": {"uv": [2, 3, 3.25, 4.875], "texture": "#0"},
				"east": {"uv": [6, 3, 6.5, 4.875], "texture": "#0"},
				"south": {"uv": [3.5, 3, 4.75, 4.875], "texture": "#0"},
				"west": {"uv": [5, 6, 5.5, 7.875], "texture": "#0"},
				"up": {"uv": [8.75, 2, 7.5, 1.5], "texture": "#0"},
				"down": {"uv": [8.75, 3.5, 7.5, 4], "texture": "#0"}
			}
		},
		{
			"from": [17, 10, 7.85],
			"to": [18.75, 11.5, 8.15],
			"rotation": {"angle": -45, "axis": "z", "origin": [3.5, 14.75, 0]},
			"faces": {
				"north": {"uv": [3, 7, 3.875, 7.75], "texture": "#0"},
				"east": {"uv": [3.5, 8.5, 3.625, 9.25], "texture": "#0"},
				"south": {"uv": [4, 7, 4.875, 7.75], "texture": "#0"},
				"west": {"uv": [8.5, 5.5, 8.625, 6.25], "texture": "#0"},
				"up": {"uv": [8.875, 8.125, 8, 8], "texture": "#0"},
				"down": {"uv": [9.375, 0, 8.5, 0.125], "texture": "#0"}
			}
		},
		{
			"from": [18.75, 10.25, 7.85],
			"to": [19.25, 11.25, 8.15],
			"rotation": {"angle": -45, "axis": "z", "origin": [3.5, 14.75, 0]},
			"faces": {
				"north": {"uv": [2.5, 8, 2.75, 8.5], "texture": "#0"},
				"east": {"uv": [9, 1, 9.125, 1.5], "texture": "#0"},
				"south": {"uv": [8, 2.5, 8.25, 3], "texture": "#0"},
				"west": {"uv": [1.5, 9, 1.625, 9.5], "texture": "#0"},
				"up": {"uv": [9.25, 4.625, 9, 4.5], "texture": "#0"},
				"down": {"uv": [5.25, 9, 5, 9.125], "texture": "#0"}
			}
		},
		{
			"from": [13.5, 9.5, 7.5],
			"to": [17.25, 12, 8.5],
			"rotation": {"angle": -45, "axis": "z", "origin": [3.5, 14.75, 0]},
			"faces": {
				"north": {"uv": [0, 4, 1.875, 5.25], "texture": "#0"},
				"east": {"uv": [7.5, 6, 8, 7.25], "texture": "#0"},
				"south": {"uv": [4, 0, 5.875, 1.25], "texture": "#0"},
				"west": {"uv": [6.5, 7.5, 7, 8.75], "texture": "#0"},
				"up": {"uv": [7.375, 6.5, 5.5, 6], "texture": "#0"},
				"down": {"uv": [1.875, 6.5, 0, 7], "texture": "#0"}
			}
		},
		{
			"from": [4.4, 11.85, 7.5],
			"to": [8.15, 14.35, 8.5],
			"rotation": {"angle": 45, "axis": "z", "origin": [18.15, 9.1, 0]},
			"faces": {
				"north": {"uv": [4, 1.5, 5.875, 2.75], "texture": "#0"},
				"east": {"uv": [7, 7.5, 7.5, 8.75], "texture": "#0"},
				"south": {"uv": [2, 5, 3.875, 6.25], "texture": "#0"},
				"west": {"uv": [7.5, 7.5, 8, 8.75], "texture": "#0"},
				"up": {"uv": [3.875, 7, 2, 6.5], "texture": "#0"},
				"down": {"uv": [8.375, 3, 6.5, 3.5], "texture": "#0"}
			}
		},
		{
			"from": [2.9, 12.35, 7.85],
			"to": [4.65, 13.85, 8.15],
			"rotation": {"angle": 45, "axis": "z", "origin": [18.15, 9.1, 0]},
			"faces": {
				"north": {"uv": [7, 4.5, 7.875, 5.25], "texture": "#0"},
				"east": {"uv": [8.5, 6.5, 8.625, 7.25], "texture": "#0"},
				"south": {"uv": [7.5, 0, 8.375, 0.75], "texture": "#0"},
				"west": {"uv": [8, 8.5, 8.125, 9.25], "texture": "#0"},
				"up": {"uv": [9.375, 0.625, 8.5, 0.5], "texture": "#0"},
				"down": {"uv": [1.875, 8.5, 1, 8.625], "texture": "#0"}
			}
		},
		{
			"from": [2.4, 12.6, 7.85],
			"to": [2.9, 13.6, 8.15],
			"rotation": {"angle": 45, "axis": "z", "origin": [18.15, 9.1, 0]},
			"faces": {
				"north": {"uv": [3, 8, 3.25, 8.5], "texture": "#0"},
				"east": {"uv": [9, 1.5, 9.125, 2], "texture": "#0"},
				"south": {"uv": [3.5, 8, 3.75, 8.5], "texture": "#0"},
				"west": {"uv": [2, 9, 2.125, 9.5], "texture": "#0"},
				"up": {"uv": [9.25, 5.125, 9, 5], "texture": "#0"},
				"down": {"uv": [5.75, 9, 5.5, 9.125], "texture": "#0"}
			}
		}
	],
	"display": {
		"thirdperson_righthand": {
			"rotation": [0, -40, 0],
			"translation": [1, 3.5, -0.5]
		},
		"thirdperson_lefthand": {
			"rotation": [0, -40, 0],
			"translation": [1, 3.5, -0.5]
		},
		"firstperson_righthand": {
			"rotation": [0, -15, 0],
			"translation": [0, 6.75, 0],
			"scale": [0.8, 0.8, 0.8]
		},
		"firstperson_lefthand": {
			"rotation": [0, -15, 0],
			"translation": [0, 6.75, 0],
			"scale": [0.8, 0.8, 0.8]
		},
		"ground": {
			"rotation": [-180, 0, 0],
			"translation": [0, 1.75, 9.5],
			"scale": [4, 4, 4]
		},
		"gui": {
			"rotation": [-13, -14, 0],
			"translation": [0, 3.25, 0],
			"scale": [1.5, 1.4, 1.4]
		},
		"head": {
			"rotation": [0, -180, 0],
			"translation": [0, -2.5, -3.5],
			"scale": [4, 4, 4]
		},
		"fixed": {
			"rotation": [0, -180, 0],
			"translation": [0, 2.5, 0]
		}
	}
}