{
	"credit": "Made with Blockbench",
	"texture_size": [32, 32],
	"textures": {
		"0": "item/item03",
		"particle": "item/item03"
	},
	"elements": [
		{
			"from": [7, 0, 4.775],
			"to": [9, 0.25, 6.05],
			"rotation": {"angle": 0, "axis": "y", "origin": [8, 0, 8]},
			"faces": {
				"north": {"uv": [1, 9, 2, 9.125], "texture": "#0"},
				"east": {"uv": [1, 9.5, 1.625, 9.625], "texture": "#0"},
				"south": {"uv": [9, 1, 10, 1.125], "texture": "#0"},
				"west": {"uv": [2, 9.5, 2.625, 9.625], "texture": "#0"},
				"up": {"uv": [7, 6.625, 6, 6], "texture": "#0"},
				"down": {"uv": [7.5, 0, 6.5, 0.625], "texture": "#0"}
			}
		},
		{
			"from": [7.25, 0.25, 3.525],
			"to": [8.75, 0.5, 5.775],
			"rotation": {"angle": 0, "axis": "y", "origin": [8, 0, 8]},
			"faces": {
				"north": {"uv": [3, 9, 3.75, 9.125], "texture": "#0"},
				"east": {"uv": [1, 8.5, 2.125, 8.625], "texture": "#0"},
				"south": {"uv": [9, 3, 9.75, 3.125], "texture": "#0"},
				"west": {"uv": [2.5, 8.5, 3.625, 8.625], "texture": "#0"},
				"up": {"uv": [1.75, 5.125, 1, 4], "texture": "#0"},
				"down": {"uv": [4.75, 1, 4, 2.125], "texture": "#0"}
			}
		},
		{
			"from": [7.6, 0.65, 3.05],
			"to": [8.4, 1.4, 3.8],
			"rotation": {"angle": 0, "axis": "y", "origin": [8, 0, 8]},
			"faces": {
				"north": {"uv": [8.5, 3.5, 8.875, 3.875], "texture": "#0"},
				"east": {"uv": [4, 8.5, 4.375, 8.875], "texture": "#0"},
				"south": {"uv": [8.5, 4, 8.875, 4.375], "texture": "#0"},
				"west": {"uv": [4.5, 8.5, 4.875, 8.875], "texture": "#0"},
				"up": {"uv": [8.875, 4.875, 8.5, 4.5], "texture": "#0"},
				"down": {"uv": [5.375, 8.5, 5, 8.875], "texture": "#0"}
			}
		},
		{
			"from": [7.6, 0.9, 5.55],
			"to": [8.4, 1.15, 6.3],
			"rotation": {"angle": 0, "axis": "y", "origin": [8, 0, 8]},
			"faces": {
				"north": {"uv": [9.5, 9, 9.875, 9.125], "texture": "#0"},
				"east": {"uv": [0, 10, 0.375, 10.125], "texture": "#0"},
				"south": {"uv": [10, 0, 10.375, 0.125], "texture": "#0"},
				"west": {"uv": [0.5, 10, 0.875, 10.125], "texture": "#0"},
				"up": {"uv": [8.875, 7.875, 8.5, 7.5], "texture": "#0"},
				"down": {"uv": [8.375, 8.5, 8, 8.875], "texture": "#0"}
			}
		},
		{
			"from": [7.375, 0.5, 3.3],
			"to": [8.625, 0.65, 4.8],
			"rotation": {"angle": 0, "axis": "y", "origin": [8, 0, 8]},
			"faces": {
				"north": {"uv": [3, 9.5, 3.625, 9.625], "texture": "#0"},
				"east": {"uv": [9, 3.5, 9.75, 3.625], "texture": "#0"},
				"south": {"uv": [4, 9.5, 4.625, 9.625], "texture": "#0"},
				"west": {"uv": [4, 9, 4.75, 9.125], "texture": "#0"},
				"up": {"uv": [7.625, 3.75, 7, 3], "texture": "#0"},
				"down": {"uv": [4.625, 7, 4, 7.75], "texture": "#0"}
			}
		},
		{
			"from": [7.15, 0.25, 5.175],
			"to": [8.85, 1, 6.775],
			"rotation": {"angle": 0, "axis": "y", "origin": [8, 0, 8]},
			"faces": {
				"north": {"uv": [5, 7.5, 5.875, 7.875], "texture": "#0"},
				"east": {"uv": [8, 1, 8.75, 1.375], "texture": "#0"},
				"south": {"uv": [7.5, 7, 8.375, 7.375], "texture": "#0"},
				"west": {"uv": [8, 1.5, 8.75, 1.875], "texture": "#0"},
				"up": {"uv": [6.375, 2.75, 5.5, 2], "texture": "#0"},
				"down": {"uv": [5.875, 5.5, 5, 6.25], "texture": "#0"}
			}
		},
		{
			"from": [7.475, 1, 6.225],
			"to": [8.525, 1.75, 7.225],
			"rotation": {"angle": 0, "axis": "y", "origin": [8, 0, 8]},
			"faces": {
				"north": {"uv": [8, 4, 8.5, 4.375], "texture": "#0"},
				"east": {"uv": [4.5, 8, 5, 8.375], "texture": "#0"},
				"south": {"uv": [8, 4.5, 8.5, 4.875], "texture": "#0"},
				"west": {"uv": [5, 8, 5.5, 8.375], "texture": "#0"},
				"up": {"uv": [5.5, 2.5, 5, 2], "texture": "#0"},
				"down": {"uv": [6, 3, 5.5, 3.5], "texture": "#0"}
			}
		},
		{
			"from": [7.025, 1, 6.725],
			"to": [8.975, 2.75, 7.725],
			"rotation": {"angle": 0, "axis": "y", "origin": [8, 0, 8]},
			"faces": {
				"north": {"uv": [3, 0, 4, 0.875], "texture": "#0"},
				"east": {"uv": [7, 7, 7.5, 7.875], "texture": "#0"},
				"south": {"uv": [1, 3, 2, 3.875], "texture": "#0"},
				"west": {"uv": [7.5, 0, 8, 0.875], "texture": "#0"},
				"up": {"uv": [5, 4, 4, 3.5], "texture": "#0"},
				"down": {"uv": [4, 7, 3, 7.5], "texture": "#0"}
			}
		},
		{
			"from": [7, 1, 7],
			"to": [9, 4.75, 9],
			"rotation": {"angle": 0, "axis": "y", "origin": [8, 0, 8]},
			"faces": {
				"north": {"uv": [0, 0, 1, 1.875], "texture": "#0"},
				"east": {"uv": [1, 0, 2, 1.875], "texture": "#0"},
				"south": {"uv": [0, 2, 1, 3.875], "texture": "#0"},
				"west": {"uv": [2, 0, 3, 1.875], "texture": "#0"},
				"up": {"uv": [2, 3, 1, 2], "texture": "#0"},
				"down": {"uv": [3, 2, 2, 3], "texture": "#0"}
			}
		},
		{
			"from": [7.15, 3.75, 5.4],
			"to": [8.85, 5.75, 7.1],
			"rotation": {"angle": 22.5, "axis": "x", "origin": [8, 0, 8]},
			"faces": {
				"north": {"uv": [3, 2, 3.875, 3], "texture": "#0"},
				"east": {"uv": [3, 3, 3.875, 4], "texture": "#0"},
				"south": {"uv": [0, 4, 0.875, 5], "texture": "#0"},
				"west": {"uv": [4, 0, 4.875, 1], "texture": "#0"},
				"up": {"uv": [0.875, 5.875, 0, 5], "texture": "#0"},
				"down": {"uv": [5.875, 1, 5, 1.875], "texture": "#0"}
			}
		},
		{
			"from": [7.225, 4.25, 3.475],
			"to": [8.775, 6.25, 5.025],
			"rotation": {"angle": 45, "axis": "x", "origin": [8, 0, 8]},
			"faces": {
				"north": {"uv": [5, 3.5, 5.75, 4.5], "texture": "#0"},
				"east": {"uv": [4, 5, 4.75, 6], "texture": "#0"},
				"south": {"uv": [5, 4.5, 5.75, 5.5], "texture": "#0"},
				"west": {"uv": [1, 5.5, 1.75, 6.5], "texture": "#0"},
				"up": {"uv": [7.75, 1.75, 7, 1], "texture": "#0"},
				"down": {"uv": [2.75, 7, 2, 7.75], "texture": "#0"}
			}
		},
		{
			"from": [7.65, 6.025, 3.9],
			"to": [8.35, 7.025, 4.6],
			"rotation": {"angle": 45, "axis": "x", "origin": [8, 0, 8]},
			"faces": {
				"north": {"uv": [7.5, 8, 7.875, 8.5], "texture": "#0"},
				"east": {"uv": [8, 8, 8.375, 8.5], "texture": "#0"},
				"south": {"uv": [0, 8.5, 0.375, 9], "texture": "#0"},
				"west": {"uv": [0.5, 8.5, 0.875, 9], "texture": "#0"},
				"up": {"uv": [0.875, 9.375, 0.5, 9], "texture": "#0"},
				"down": {"uv": [9.375, 0.5, 9, 0.875], "texture": "#0"}
			}
		},
		{
			"from": [9.95, 0, 7],
			"to": [11.225, 0.25, 9],
			"rotation": {"angle": -45, "axis": "y", "origin": [8, 0, 8]},
			"faces": {
				"north": {"uv": [5, 9.5, 5.625, 9.625], "texture": "#0"},
				"east": {"uv": [9, 1.5, 10, 1.625], "texture": "#0"},
				"south": {"uv": [9.5, 5, 10.125, 5.125], "texture": "#0"},
				"west": {"uv": [2, 9, 3, 9.125], "texture": "#0"},
				"up": {"uv": [1.625, 7.5, 1, 6.5], "texture": "#0"},
				"down": {"uv": [7.125, 2, 6.5, 3], "texture": "#0"}
			}
		},
		{
			"from": [9.225, 0.25, 7.15],
			"to": [10.825, 1, 8.85],
			"rotation": {"angle": -45, "axis": "y", "origin": [8, 0, 8]},
			"faces": {
				"north": {"uv": [2, 8, 2.75, 8.375], "texture": "#0"},
				"east": {"uv": [7.5, 7.5, 8.375, 7.875], "texture": "#0"},
				"south": {"uv": [8, 2, 8.75, 2.375], "texture": "#0"},
				"west": {"uv": [0, 8, 0.875, 8.375], "texture": "#0"},
				"up": {"uv": [0.75, 6.875, 0, 6], "texture": "#0"},
				"down": {"uv": [6.75, 1, 6, 1.875], "texture": "#0"}
			}
		},
		{
			"from": [8.775, 1, 7.475],
			"to": [9.775, 1.75, 8.525],
			"rotation": {"angle": -45, "axis": "y", "origin": [8, 0, 8]},
			"faces": {
				"north": {"uv": [8, 5, 8.5, 5.375], "texture": "#0"},
				"east": {"uv": [5.5, 8, 6, 8.375], "texture": "#0"},
				"south": {"uv": [8, 5.5, 8.5, 5.875], "texture": "#0"},
				"west": {"uv": [6, 8, 6.5, 8.375], "texture": "#0"},
				"up": {"uv": [4, 8, 3.5, 7.5], "texture": "#0"},
				"down": {"uv": [4, 8, 3.5, 8.5], "texture": "#0"}
			}
		},
		{
			"from": [8.45, 1, 7.225],
			"to": [9.45, 2.75, 8.775],
			"rotation": {"angle": -45, "axis": "y", "origin": [8, 0, 8]},
			"faces": {
				"north": {"uv": [1, 7.5, 1.5, 8.375], "texture": "#0"},
				"east": {"uv": [6, 3, 6.75, 3.875], "texture": "#0"},
				"south": {"uv": [1.5, 7.5, 2, 8.375], "texture": "#0"},
				"west": {"uv": [4, 6, 4.75, 6.875], "texture": "#0"},
				"up": {"uv": [8, 2.75, 7.5, 2], "texture": "#0"},
				"down": {"uv": [3.5, 7.5, 3, 8.25], "texture": "#0"}
			}
		},
		{
			"from": [10.225, 0.25, 7.25],
			"to": [12.475, 0.5, 8.75],
			"rotation": {"angle": -45, "axis": "y", "origin": [8, 0, 8]},
			"faces": {
				"north": {"uv": [8.5, 5.5, 9.625, 5.625], "texture": "#0"},
				"east": {"uv": [9, 7, 9.75, 7.125], "texture": "#0"},
				"south": {"uv": [6, 8.5, 7.125, 8.625], "texture": "#0"},
				"west": {"uv": [7.5, 9, 8.25, 9.125], "texture": "#0"},
				"up": {"uv": [3.125, 4.75, 2, 4], "texture": "#0"},
				"down": {"uv": [5.125, 2.5, 4, 3.25], "texture": "#0"}
			}
		},
		{
			"from": [11.2, 0.5, 7.375],
			"to": [12.7, 0.65, 8.625],
			"rotation": {"angle": -45, "axis": "y", "origin": [8, 0, 8]},
			"faces": {
				"north": {"uv": [5.5, 9, 6.25, 9.125], "texture": "#0"},
				"east": {"uv": [9.5, 4, 10.125, 4.125], "texture": "#0"},
				"south": {"uv": [6.5, 9, 7.25, 9.125], "texture": "#0"},
				"west": {"uv": [9.5, 4.5, 10.125, 4.625], "texture": "#0"},
				"up": {"uv": [7.75, 4.625, 7, 4], "texture": "#0"},
				"down": {"uv": [7.75, 5, 7, 5.625], "texture": "#0"}
			}
		},
		{
			"from": [12.2, 0.65, 7.6],
			"to": [12.95, 1.15, 8.4],
			"rotation": {"angle": -45, "axis": "y", "origin": [8, 0, 8]},
			"faces": {
				"north": {"uv": [9, 4, 9.375, 4.25], "texture": "#0"},
				"east": {"uv": [9, 4.5, 9.375, 4.75], "texture": "#0"},
				"south": {"uv": [5, 9, 5.375, 9.25], "texture": "#0"},
				"west": {"uv": [9, 5, 9.375, 5.25], "texture": "#0"},
				"up": {"uv": [8.875, 5.375, 8.5, 5], "texture": "#0"},
				"down": {"uv": [5.875, 8.5, 5.5, 8.875], "texture": "#0"}
			}
		},
		{
			"from": [9.7, 0.9, 7.6],
			"to": [10.45, 1.15, 8.4],
			"rotation": {"angle": -45, "axis": "y", "origin": [8, 0, 8]},
			"faces": {
				"north": {"uv": [10, 0.5, 10.375, 0.625], "texture": "#0"},
				"east": {"uv": [1, 10, 1.375, 10.125], "texture": "#0"},
				"south": {"uv": [10, 1, 10.375, 1.125], "texture": "#0"},
				"west": {"uv": [1.5, 10, 1.875, 10.125], "texture": "#0"},
				"up": {"uv": [8.875, 8.375, 8.5, 8], "texture": "#0"},
				"down": {"uv": [8.875, 8.5, 8.5, 8.875], "texture": "#0"}
			}
		},
		{
			"from": [6.225, 1, 7.475],
			"to": [7.225, 1.75, 8.525],
			"rotation": {"angle": 22.5, "axis": "y", "origin": [8, 0, 8]},
			"faces": {
				"north": {"uv": [8, 6, 8.5, 6.375], "texture": "#0"},
				"east": {"uv": [6.5, 8, 7, 8.375], "texture": "#0"},
				"south": {"uv": [8, 6.5, 8.5, 6.875], "texture": "#0"},
				"west": {"uv": [7, 8, 7.5, 8.375], "texture": "#0"},
				"up": {"uv": [8.5, 4, 8, 3.5], "texture": "#0"},
				"down": {"uv": [4.5, 8, 4, 8.5], "texture": "#0"}
			}
		},
		{
			"from": [6.65, 1, 7.225],
			"to": [8.65, 2.75, 8.775],
			"rotation": {"angle": 22.5, "axis": "y", "origin": [8, 0, 8]},
			"faces": {
				"north": {"uv": [3, 1, 4, 1.875], "texture": "#0"},
				"east": {"uv": [6, 4, 6.75, 4.875], "texture": "#0"},
				"south": {"uv": [2, 3, 3, 3.875], "texture": "#0"},
				"west": {"uv": [6, 5, 6.75, 5.875], "texture": "#0"},
				"up": {"uv": [3, 5.75, 2, 5], "texture": "#0"},
				"down": {"uv": [4, 5, 3, 5.75], "texture": "#0"}
			}
		},
		{
			"from": [5.175, 0.25, 7.15],
			"to": [6.775, 1, 8.85],
			"rotation": {"angle": 22.5, "axis": "y", "origin": [8, 0, 8]},
			"faces": {
				"north": {"uv": [8, 2.5, 8.75, 2.875], "texture": "#0"},
				"east": {"uv": [8, 0, 8.875, 0.375], "texture": "#0"},
				"south": {"uv": [8, 3, 8.75, 3.375], "texture": "#0"},
				"west": {"uv": [8, 0.5, 8.875, 0.875], "texture": "#0"},
				"up": {"uv": [2.75, 6.875, 2, 6], "texture": "#0"},
				"down": {"uv": [3.75, 6, 3, 6.875], "texture": "#0"}
			}
		},
		{
			"from": [4.775, 0, 7],
			"to": [6.05, 0.25, 9],
			"rotation": {"angle": 22.5, "axis": "y", "origin": [8, 0, 8]},
			"faces": {
				"north": {"uv": [6, 9.5, 6.625, 9.625], "texture": "#0"},
				"east": {"uv": [9, 2, 10, 2.125], "texture": "#0"},
				"south": {"uv": [7, 9.5, 7.625, 9.625], "texture": "#0"},
				"west": {"uv": [9, 2.5, 10, 2.625], "texture": "#0"},
				"up": {"uv": [5.625, 7.5, 5, 6.5], "texture": "#0"},
				"down": {"uv": [0.625, 7, 0, 8], "texture": "#0"}
			}
		},
		{
			"from": [3.525, 0.25, 7.25],
			"to": [5.775, 0.5, 8.75],
			"rotation": {"angle": 22.5, "axis": "y", "origin": [8, 0, 8]},
			"faces": {
				"north": {"uv": [8.5, 6, 9.625, 6.125], "texture": "#0"},
				"east": {"uv": [9, 7.5, 9.75, 7.625], "texture": "#0"},
				"south": {"uv": [8.5, 6.5, 9.625, 6.625], "texture": "#0"},
				"west": {"uv": [9, 8, 9.75, 8.125], "texture": "#0"},
				"up": {"uv": [4.625, 4.75, 3.5, 4], "texture": "#0"},
				"down": {"uv": [6.125, 0, 5, 0.75], "texture": "#0"}
			}
		},
		{
			"from": [3.3, 0.5, 7.375],
			"to": [4.8, 0.65, 8.625],
			"rotation": {"angle": 22.5, "axis": "y", "origin": [8, 0, 8]},
			"faces": {
				"north": {"uv": [8.5, 9, 9.25, 9.125], "texture": "#0"},
				"east": {"uv": [8, 9.5, 8.625, 9.625], "texture": "#0"},
				"south": {"uv": [9, 8.5, 9.75, 8.625], "texture": "#0"},
				"west": {"uv": [9, 9.5, 9.625, 9.625], "texture": "#0"},
				"up": {"uv": [6.75, 7.625, 6, 7], "texture": "#0"},
				"down": {"uv": [7.75, 6, 7, 6.625], "texture": "#0"}
			}
		},
		{
			"from": [3.05, 0.65, 7.6],
			"to": [3.8, 1.15, 8.4],
			"rotation": {"angle": 22.5, "axis": "y", "origin": [8, 0, 8]},
			"faces": {
				"north": {"uv": [0, 9.5, 0.375, 9.75], "texture": "#0"},
				"east": {"uv": [9.5, 0, 9.875, 0.25], "texture": "#0"},
				"south": {"uv": [0.5, 9.5, 0.875, 9.75], "texture": "#0"},
				"west": {"uv": [9.5, 0.5, 9.875, 0.75], "texture": "#0"},
				"up": {"uv": [8.875, 7.375, 8.5, 7], "texture": "#0"},
				"down": {"uv": [7.875, 8.5, 7.5, 8.875], "texture": "#0"}
			}
		},
		{
			"from": [5.55, 0.9, 7.6],
			"to": [6.3, 1.15, 8.4],
			"rotation": {"angle": 22.5, "axis": "y", "origin": [8, 0, 8]},
			"faces": {
				"north": {"uv": [10, 1.5, 10.375, 1.625], "texture": "#0"},
				"east": {"uv": [2, 10, 2.375, 10.125], "texture": "#0"},
				"south": {"uv": [10, 2, 10.375, 2.125], "texture": "#0"},
				"west": {"uv": [2.5, 10, 2.875, 10.125], "texture": "#0"},
				"up": {"uv": [0.375, 9.375, 0, 9], "texture": "#0"},
				"down": {"uv": [9.375, 0, 9, 0.375], "texture": "#0"}
			}
		}
	],
	"display": {
		"thirdperson_righthand": {
			"rotation": [26, -28, 0],
			"translation": [0, 4, 1.5]
		},
		"thirdperson_lefthand": {
			"rotation": [26, -28, 0],
			"translation": [0, 4, 1.5]
		},
		"firstperson_righthand": {
			"rotation": [0, 161, 0],
			"translation": [0, 7.25, 0.75],
			"scale": [0.6, 0.6, 0.6]
		},
		"firstperson_lefthand": {
			"rotation": [0, 161, 0],
			"translation": [0, 7.25, 0.75],
			"scale": [0.6, 0.6, 0.6]
		},
		"ground": {
			"translation": [0, 9.25, 0],
			"scale": [1.65, 1.65, 1.65]
		},
		"gui": {
			"rotation": [9, -159, 0],
			"translation": [0.5, 6.5, 0],
			"scale": [1.6, 1.6, 1.6]
		},
		"head": {
			"translation": [0, 14.5, 0]
		},
		"fixed": {
			"translation": [0, 2.75, -2]
		}
	}
}