{
	"credit": "Made with Blockbench",
	"texture_size": [64, 64],
	"textures": {
		"0": "item/item07",
		"particle": "item/item07"
	},
	"elements": [
		{
			"from": [-0.75, 0, -0.1875],
			"to": [1, 11.5625, 1],
			"faces": {
				"north": {"uv": [0, 3, 0.4375, 5.875], "texture": "#0"},
				"east": {"uv": [3.5, 8.25, 3.8125, 11.125], "texture": "#0"},
				"south": {"uv": [3, 0, 3.4375, 2.875], "texture": "#0"},
				"west": {"uv": [4, 8.25, 4.3125, 11.125], "texture": "#0"},
				"up": {"uv": [12.1875, 13.5625, 11.75, 13.25], "texture": "#0"},
				"down": {"uv": [13.6875, 11.75, 13.25, 12.0625], "texture": "#0"}
			}
		},
		{
			"from": [-1.0625, 0.1875, -0.6875],
			"to": [0.75, 10.8125, 0.5],
			"faces": {
				"north": {"uv": [4.5, 0, 4.9375, 2.6875], "texture": "#0"},
				"east": {"uv": [8, 8.75, 8.3125, 11.4375], "texture": "#0"},
				"south": {"uv": [4.5, 2.75, 4.9375, 5.4375], "texture": "#0"},
				"west": {"uv": [9, 0, 9.3125, 2.6875], "texture": "#0"},
				"up": {"uv": [13.6875, 13.5625, 13.25, 13.25], "texture": "#0"},
				"down": {"uv": [1.4375, 13.5, 1, 13.8125], "texture": "#0"}
			}
		},
		{
			"from": [-0.75, -1, -9],
			"to": [1, 0, 1],
			"rotation": {"angle": 22.5, "axis": "x", "origin": [0, 0, 1]},
			"faces": {
				"north": {"uv": [6.5, 3.75, 6.9375, 4], "texture": "#0"},
				"east": {"uv": [10.5, 7.5, 13, 7.75], "texture": "#0"},
				"south": {"uv": [7, 3.75, 7.4375, 4], "texture": "#0"},
				"west": {"uv": [10.5, 7.75, 13, 8], "texture": "#0"},
				"up": {"uv": [0.4375, 8.5, 0, 6], "texture": "#0"},
				"down": {"uv": [0.9375, 6, 0.5, 8.5], "texture": "#0"}
			}
		},
		{
			"from": [-1.0625, -0.75, -8.6875],
			"to": [0.5, 0, 0.9375],
			"rotation": {"angle": 22.5, "axis": "x", "origin": [0, 0, 1]},
			"faces": {
				"north": {"uv": [6.75, 13.75, 7.125, 13.9375], "texture": "#0"},
				"east": {"uv": [11, 7, 13.4375, 7.1875], "texture": "#0"},
				"south": {"uv": [7.25, 13.75, 7.625, 13.9375], "texture": "#0"},
				"west": {"uv": [11, 7.25, 13.4375, 7.4375], "texture": "#0"},
				"up": {"uv": [6.875, 8.6875, 6.5, 6.25], "texture": "#0"},
				"down": {"uv": [4.875, 7, 4.5, 9.4375], "texture": "#0"}
			}
		},
		{
			"from": [-0.75, 3.71349, -8.9216],
			"to": [1, 15.71349, -7.9216],
			"rotation": {"angle": 45, "axis": "x", "origin": [0, 2.9375, -8.5]},
			"faces": {
				"north": {"uv": [2, 0, 2.4375, 3], "texture": "#0"},
				"east": {"uv": [3, 9.75, 3.25, 12.75], "texture": "#0"},
				"south": {"uv": [2.5, 0, 2.9375, 3], "texture": "#0"},
				"west": {"uv": [3.25, 9.75, 3.5, 12.75], "texture": "#0"},
				"up": {"uv": [13.9375, 8.5, 13.5, 8.25], "texture": "#0"},
				"down": {"uv": [14.1875, 1.75, 13.75, 2], "texture": "#0"}
			}
		},
		{
			"from": [-1.0625, 3.83849, -8.6716],
			"to": [0.75, 14.83849, -7.6716],
			"rotation": {"angle": 45, "axis": "x", "origin": [0, 2.9375, -8.5]},
			"faces": {
				"north": {"uv": [1.5, 3, 1.9375, 5.75], "texture": "#0"},
				"east": {"uv": [10, 7, 10.25, 9.75], "texture": "#0"},
				"south": {"uv": [2, 3, 2.4375, 5.75], "texture": "#0"},
				"west": {"uv": [10, 9.75, 10.25, 12.5], "texture": "#0"},
				"up": {"uv": [14.1875, 2.25, 13.75, 2], "texture": "#0"},
				"down": {"uv": [14.1875, 2.25, 13.75, 2.5], "texture": "#0"}
			}
		},
		{
			"from": [-0.75, -7.1875, 0],
			"to": [1, 4.375, 1.1875],
			"rotation": {"angle": 0, "axis": "y", "origin": [0, 4.375, 1]},
			"faces": {
				"north": {"uv": [0.5, 3, 0.9375, 5.875], "texture": "#0"},
				"east": {"uv": [0, 8.5, 0.3125, 11.375], "texture": "#0"},
				"south": {"uv": [1, 3, 1.4375, 5.875], "texture": "#0"},
				"west": {"uv": [8.5, 0, 8.8125, 2.875], "texture": "#0"},
				"up": {"uv": [12.6875, 13.5625, 12.25, 13.25], "texture": "#0"},
				"down": {"uv": [13.1875, 13.25, 12.75, 13.5625], "texture": "#0"}
			}
		},
		{
			"from": [-0.75, -11.33849, 8.9216],
			"to": [1, 0.66151, 9.9216],
			"rotation": {"angle": 45, "axis": "x", "origin": [0, 1.4375, 9.5]},
			"faces": {
				"north": {"uv": [1, 0, 1.4375, 3], "texture": "#0"},
				"east": {"uv": [2.5, 9.75, 2.75, 12.75], "texture": "#0"},
				"south": {"uv": [1.5, 0, 1.9375, 3], "texture": "#0"},
				"west": {"uv": [2.75, 9.75, 3, 12.75], "texture": "#0"},
				"up": {"uv": [13.4375, 7, 13, 6.75], "texture": "#0"},
				"down": {"uv": [13.4375, 8.25, 13, 8.5], "texture": "#0"}
			}
		},
		{
			"from": [-0.75, 4.375, 0],
			"to": [1, 5.375, 10],
			"rotation": {"angle": 22.5, "axis": "x", "origin": [0, 4.375, 0]},
			"faces": {
				"north": {"uv": [12, 6.75, 12.4375, 7], "texture": "#0"},
				"east": {"uv": [10.5, 8, 13, 8.25], "texture": "#0"},
				"south": {"uv": [12.5, 6.75, 12.9375, 7], "texture": "#0"},
				"west": {"uv": [10.5, 8.25, 13, 8.5], "texture": "#0"},
				"up": {"uv": [1.4375, 8.5, 1, 6], "texture": "#0"},
				"down": {"uv": [6.4375, 1.5, 6, 4], "texture": "#0"}
			}
		},
		{
			"from": [-0.75, 2.0625, 1],
			"to": [1, 4.375, 9],
			"rotation": {"angle": 22.5, "axis": "x", "origin": [0, 4.375, 0]},
			"faces": {
				"north": {"uv": [0, 12.5, 0.4375, 13.0625], "texture": "#0"},
				"east": {"uv": [4.5, 5.5, 6.5, 6.0625], "texture": "#0"},
				"south": {"uv": [12.5, 3.75, 12.9375, 4.3125], "texture": "#0"},
				"west": {"uv": [1.5, 5.75, 3.5, 6.3125], "texture": "#0"},
				"up": {"uv": [0.9375, 10.5, 0.5, 8.5], "texture": "#0"},
				"down": {"uv": [1.4375, 8.5, 1, 10.5], "texture": "#0"}
			}
		},
		{
			"from": [-0.75, -0.25, 2],
			"to": [1, 2.0625, 8],
			"rotation": {"angle": 22.5, "axis": "x", "origin": [0, 4.375, 0]},
			"faces": {
				"north": {"uv": [12.5, 4.5, 12.9375, 5.0625], "texture": "#0"},
				"east": {"uv": [8.5, 7, 10, 7.5625], "texture": "#0"},
				"south": {"uv": [4.75, 12.5, 5.1875, 13.0625], "texture": "#0"},
				"west": {"uv": [8.5, 7.75, 10, 8.3125], "texture": "#0"},
				"up": {"uv": [8.4375, 1.5, 8, 0], "texture": "#0"},
				"down": {"uv": [8.4375, 3.75, 8, 5.25], "texture": "#0"}
			}
		},
		{
			"from": [-0.75, -2.5625, 2.9375],
			"to": [1, -0.25, 7.0625],
			"rotation": {"angle": 22.5, "axis": "x", "origin": [0, 4.375, 0]},
			"faces": {
				"north": {"uv": [12.5, 5.25, 12.9375, 5.8125], "texture": "#0"},
				"east": {"uv": [10.5, 8.5, 11.5625, 9.0625], "texture": "#0"},
				"south": {"uv": [12.5, 6, 12.9375, 6.5625], "texture": "#0"},
				"west": {"uv": [10.5, 9.25, 11.5625, 9.8125], "texture": "#0"},
				"up": {"uv": [5.9375, 12.5625, 5.5, 11.5], "texture": "#0"},
				"down": {"uv": [11.9375, 5.75, 11.5, 6.8125], "texture": "#0"}
			}
		},
		{
			"from": [-0.75, -4.875, 3.875],
			"to": [1, -2.5625, 6.125],
			"rotation": {"angle": 22.5, "axis": "x", "origin": [0, 4.375, 0]},
			"faces": {
				"north": {"uv": [7.75, 12.5, 8.1875, 13.0625], "texture": "#0"},
				"east": {"uv": [12, 11.75, 12.5625, 12.3125], "texture": "#0"},
				"south": {"uv": [9.5, 12.5, 9.9375, 13.0625], "texture": "#0"},
				"west": {"uv": [7, 12.25, 7.5625, 12.8125], "texture": "#0"},
				"up": {"uv": [12.4375, 13.0625, 12, 12.5], "texture": "#0"},
				"down": {"uv": [12.9375, 12.5, 12.5, 13.0625], "texture": "#0"}
			}
		},
		{
			"from": [-0.75, -4.75, -1.875],
			"to": [1, -2.4375, 6.125],
			"rotation": {"angle": 22.5, "axis": "x", "origin": [0, 13, 16]},
			"faces": {
				"north": {"uv": [5.25, 12.75, 5.6875, 13.3125], "texture": "#0"},
				"east": {"uv": [6, 0, 8, 0.5625], "texture": "#0"},
				"south": {"uv": [5.75, 12.75, 6.1875, 13.3125], "texture": "#0"},
				"west": {"uv": [6, 0.75, 8, 1.3125], "texture": "#0"},
				"up": {"uv": [8.9375, 5, 8.5, 3], "texture": "#0"},
				"down": {"uv": [8.9375, 5, 8.5, 7], "texture": "#0"}
			}
		},
		{
			"from": [-1, -4.75, -1.625],
			"to": [0.75, -2.4375, 5.5625],
			"rotation": {"angle": 22.5, "axis": "x", "origin": [0, 13, 16]},
			"faces": {
				"north": {"uv": [6.25, 12.75, 6.6875, 13.3125], "texture": "#0"},
				"east": {"uv": [6, 4, 7.8125, 4.5625], "texture": "#0"},
				"south": {"uv": [12.75, 9, 13.1875, 9.5625], "texture": "#0"},
				"west": {"uv": [6, 4.75, 7.8125, 5.3125], "texture": "#0"},
				"up": {"uv": [5.4375, 11.3125, 5, 9.5], "texture": "#0"},
				"down": {"uv": [5.9375, 9.5, 5.5, 11.3125], "texture": "#0"}
			}
		},
		{
			"from": [-1, -2.4375, -0.625],
			"to": [0.75, -0.125, 4.375],
			"rotation": {"angle": 22.5, "axis": "x", "origin": [0, 13, 16]},
			"faces": {
				"north": {"uv": [12.75, 9.75, 13.1875, 10.3125], "texture": "#0"},
				"east": {"uv": [9, 5.5, 10.25, 6.0625], "texture": "#0"},
				"south": {"uv": [10, 12.75, 10.4375, 13.3125], "texture": "#0"},
				"west": {"uv": [9, 6.25, 10.25, 6.8125], "texture": "#0"},
				"up": {"uv": [11.4375, 5.75, 11, 4.5], "texture": "#0"},
				"down": {"uv": [11.4375, 5.75, 11, 7], "texture": "#0"}
			}
		},
		{
			"from": [-1, -0.125, 0.3125],
			"to": [0.75, 2.1875, 3.4375],
			"rotation": {"angle": 22.5, "axis": "x", "origin": [0, 13, 16]},
			"faces": {
				"north": {"uv": [11.25, 12.75, 11.6875, 13.3125], "texture": "#0"},
				"east": {"uv": [7, 11.5, 7.8125, 12.0625], "texture": "#0"},
				"south": {"uv": [12.75, 11.75, 13.1875, 12.3125], "texture": "#0"},
				"west": {"uv": [10.5, 11.5, 11.3125, 12.0625], "texture": "#0"},
				"up": {"uv": [8.4375, 12.3125, 8, 11.5], "texture": "#0"},
				"down": {"uv": [1.6875, 11.75, 1.25, 12.5625], "texture": "#0"}
			}
		},
		{
			"from": [-1, 2.1875, 1.25],
			"to": [0.75, 3.625, 2.5],
			"rotation": {"angle": 22.5, "axis": "x", "origin": [0, 13, 16]},
			"faces": {
				"north": {"uv": [3.75, 13.25, 4.1875, 13.625], "texture": "#0"},
				"east": {"uv": [13.5, 7.75, 13.8125, 8.125], "texture": "#0"},
				"south": {"uv": [4.25, 13.25, 4.6875, 13.625], "texture": "#0"},
				"west": {"uv": [9.75, 13.5, 10.0625, 13.875], "texture": "#0"},
				"up": {"uv": [1.9375, 13.8125, 1.5, 13.5], "texture": "#0"},
				"down": {"uv": [2.4375, 13.5, 2, 13.8125], "texture": "#0"}
			}
		},
		{
			"from": [-1.0625, -10.52599, 8.6716],
			"to": [0.75, 0.47401, 9.6716],
			"rotation": {"angle": 45, "axis": "x", "origin": [0, 1.375, 9.5]},
			"faces": {
				"north": {"uv": [2.5, 3, 2.9375, 5.75], "texture": "#0"},
				"east": {"uv": [10.25, 4.5, 10.5, 7.25], "texture": "#0"},
				"south": {"uv": [3, 3, 3.4375, 5.75], "texture": "#0"},
				"west": {"uv": [10.25, 7.25, 10.5, 10], "texture": "#0"},
				"up": {"uv": [14.1875, 2.75, 13.75, 2.5], "texture": "#0"},
				"down": {"uv": [14.1875, 2.75, 13.75, 3], "texture": "#0"}
			}
		},
		{
			"from": [-1.0625, -6.5, 0.5],
			"to": [0.75, 4.125, 1.6875],
			"rotation": {"angle": 0, "axis": "y", "origin": [0, 4.3125, 1]},
			"faces": {
				"north": {"uv": [5, 0, 5.4375, 2.6875], "texture": "#0"},
				"east": {"uv": [9, 2.75, 9.3125, 5.4375], "texture": "#0"},
				"south": {"uv": [5, 2.75, 5.4375, 5.4375], "texture": "#0"},
				"west": {"uv": [8.5, 9.25, 8.8125, 11.9375], "texture": "#0"},
				"up": {"uv": [13.9375, 4.5625, 13.5, 4.25], "texture": "#0"},
				"down": {"uv": [13.9375, 4.75, 13.5, 5.0625], "texture": "#0"}
			}
		},
		{
			"from": [-1, 0.6875, -1.5],
			"to": [0.75, 2.125, -0.25],
			"rotation": {"angle": 22.5, "axis": "x", "origin": [0, -8.6875, -15]},
			"faces": {
				"north": {"uv": [4.75, 13.25, 5.1875, 13.625], "texture": "#0"},
				"east": {"uv": [11, 13.5, 11.3125, 13.875], "texture": "#0"},
				"south": {"uv": [7.75, 13.25, 8.1875, 13.625], "texture": "#0"},
				"west": {"uv": [13.5, 12.25, 13.8125, 12.625], "texture": "#0"},
				"up": {"uv": [2.9375, 13.8125, 2.5, 13.5], "texture": "#0"},
				"down": {"uv": [13.9375, 3.75, 13.5, 4.0625], "texture": "#0"}
			}
		},
		{
			"from": [-1, 2.125, -2.4375],
			"to": [0.75, 4.4375, 0.6875],
			"rotation": {"angle": 22.5, "axis": "x", "origin": [0, -8.6875, -15]},
			"faces": {
				"north": {"uv": [6.75, 13, 7.1875, 13.5625], "texture": "#0"},
				"east": {"uv": [11.75, 0.25, 12.5625, 0.8125], "texture": "#0"},
				"south": {"uv": [7.25, 13, 7.6875, 13.5625], "texture": "#0"},
				"west": {"uv": [11.75, 1, 12.5625, 1.5625], "texture": "#0"},
				"up": {"uv": [11.9375, 12.5625, 11.5, 11.75], "texture": "#0"},
				"down": {"uv": [12.4375, 3.75, 12, 4.5625], "texture": "#0"}
			}
		},
		{
			"from": [-1, 4.4375, -3.375],
			"to": [0.75, 6.75, 1.625],
			"rotation": {"angle": 22.5, "axis": "x", "origin": [0, -8.6875, -15]},
			"faces": {
				"north": {"uv": [13, 5.25, 13.4375, 5.8125], "texture": "#0"},
				"east": {"uv": [10, 0, 11.25, 0.5625], "texture": "#0"},
				"south": {"uv": [13, 6, 13.4375, 6.5625], "texture": "#0"},
				"west": {"uv": [10, 0.75, 11.25, 1.3125], "texture": "#0"},
				"up": {"uv": [11.6875, 1.25, 11.25, 0], "texture": "#0"},
				"down": {"uv": [11.6875, 1.25, 11.25, 2.5], "texture": "#0"}
			}
		},
		{
			"from": [-1, 6.75, -4.5625],
			"to": [0.75, 9.0625, 2.625],
			"rotation": {"angle": 22.5, "axis": "x", "origin": [0, -8.6875, -15]},
			"faces": {
				"north": {"uv": [13, 3.75, 13.4375, 4.3125], "texture": "#0"},
				"east": {"uv": [4.5, 6.25, 6.3125, 6.8125], "texture": "#0"},
				"south": {"uv": [13, 4.5, 13.4375, 5.0625], "texture": "#0"},
				"west": {"uv": [1.5, 6.5, 3.3125, 7.0625], "texture": "#0"},
				"up": {"uv": [6.4375, 11.3125, 6, 9.5], "texture": "#0"},
				"down": {"uv": [6.9375, 9.5, 6.5, 11.3125], "texture": "#0"}
			}
		},
		{
			"from": [-1.0625, 4.3125, 0.0625],
			"to": [0.5, 5.0625, 9.6875],
			"rotation": {"angle": 22.5, "axis": "x", "origin": [0, 4.3125, 0]},
			"faces": {
				"north": {"uv": [7.75, 13.75, 8.125, 13.9375], "texture": "#0"},
				"east": {"uv": [11.5, 11.5, 13.9375, 11.6875], "texture": "#0"},
				"south": {"uv": [8.25, 13.75, 8.625, 13.9375], "texture": "#0"},
				"west": {"uv": [11.75, 0, 14.1875, 0.1875], "texture": "#0"},
				"up": {"uv": [5.375, 9.4375, 5, 7], "texture": "#0"},
				"down": {"uv": [5.875, 7, 5.5, 9.4375], "texture": "#0"}
			}
		},
		{
			"from": [-0.25, 4.3125, 0.0625],
			"to": [1.3125, 5.0625, 9.6875],
			"rotation": {"angle": 22.5, "axis": "x", "origin": [0, 4.3125, 0]},
			"faces": {
				"north": {"uv": [13.75, 10, 14.125, 10.1875], "texture": "#0"},
				"east": {"uv": [11.75, 11, 14.1875, 11.1875], "texture": "#0"},
				"south": {"uv": [10.25, 13.75, 10.625, 13.9375], "texture": "#0"},
				"west": {"uv": [11.75, 11.25, 14.1875, 11.4375], "texture": "#0"},
				"up": {"uv": [7.875, 8.6875, 7.5, 6.25], "texture": "#0"},
				"down": {"uv": [8.375, 6.25, 8, 8.6875], "texture": "#0"}
			}
		},
		{
			"from": [-0.25, -0.75, -8.6875],
			"to": [1.3125, 0, 0.9375],
			"rotation": {"angle": 22.5, "axis": "x", "origin": [0, 0, 1]},
			"faces": {
				"north": {"uv": [13.75, 9.5, 14.125, 9.6875], "texture": "#0"},
				"east": {"uv": [11.75, 10.5, 14.1875, 10.6875], "texture": "#0"},
				"south": {"uv": [13.75, 9.75, 14.125, 9.9375], "texture": "#0"},
				"west": {"uv": [11.75, 10.75, 14.1875, 10.9375], "texture": "#0"},
				"up": {"uv": [2.875, 9.6875, 2.5, 7.25], "texture": "#0"},
				"down": {"uv": [3.375, 7.25, 3, 9.6875], "texture": "#0"}
			}
		},
		{
			"from": [-0.5, -4.75, -1.625],
			"to": [1.25, -2.4375, 5.5625],
			"rotation": {"angle": 22.5, "axis": "x", "origin": [0.5, 13, 16]},
			"faces": {
				"north": {"uv": [13.25, 2.5, 13.6875, 3.0625], "texture": "#0"},
				"east": {"uv": [6.5, 3, 8.3125, 3.5625], "texture": "#0"},
				"south": {"uv": [3.25, 13.25, 3.6875, 13.8125], "texture": "#0"},
				"west": {"uv": [6.5, 5.5, 8.3125, 6.0625], "texture": "#0"},
				"up": {"uv": [9.9375, 11.0625, 9.5, 9.25], "texture": "#0"},
				"down": {"uv": [1.9375, 9.75, 1.5, 11.5625], "texture": "#0"}
			}
		},
		{
			"from": [-0.5, -2.4375, -0.625],
			"to": [1.25, -0.125, 4.375],
			"rotation": {"angle": 22.5, "axis": "x", "origin": [0.5, 13, 16]},
			"faces": {
				"north": {"uv": [13.25, 1, 13.6875, 1.5625], "texture": "#0"},
				"east": {"uv": [10, 3, 11.25, 3.5625], "texture": "#0"},
				"south": {"uv": [13.25, 1.75, 13.6875, 2.3125], "texture": "#0"},
				"west": {"uv": [10, 3.75, 11.25, 4.3125], "texture": "#0"},
				"up": {"uv": [4.4375, 12.5, 4, 11.25], "texture": "#0"},
				"down": {"uv": [9.9375, 11.25, 9.5, 12.5], "texture": "#0"}
			}
		},
		{
			"from": [-0.5, -0.125, 0.3125],
			"to": [1.25, 2.1875, 3.4375],
			"rotation": {"angle": 22.5, "axis": "x", "origin": [0.5, 13, 16]},
			"faces": {
				"north": {"uv": [13.25, 0.25, 13.6875, 0.8125], "texture": "#0"},
				"east": {"uv": [11.75, 9, 12.5625, 9.5625], "texture": "#0"},
				"south": {"uv": [0.5, 13.25, 0.9375, 13.8125], "texture": "#0"},
				"west": {"uv": [11.75, 9.75, 12.5625, 10.3125], "texture": "#0"},
				"up": {"uv": [8.9375, 12.8125, 8.5, 12], "texture": "#0"},
				"down": {"uv": [9.4375, 12, 9, 12.8125], "texture": "#0"}
			}
		},
		{
			"from": [-0.5, 2.1875, 1.25],
			"to": [1.25, 3.625, 2.5],
			"rotation": {"angle": 22.5, "axis": "x", "origin": [0.5, 13, 16]},
			"faces": {
				"north": {"uv": [13.25, 9.5, 13.6875, 9.875], "texture": "#0"},
				"east": {"uv": [13.75, 0.75, 14.0625, 1.125], "texture": "#0"},
				"south": {"uv": [13.25, 10, 13.6875, 10.375], "texture": "#0"},
				"west": {"uv": [13.75, 1.25, 14.0625, 1.625], "texture": "#0"},
				"up": {"uv": [13.9375, 7.0625, 13.5, 6.75], "texture": "#0"},
				"down": {"uv": [13.9375, 7.25, 13.5, 7.5625], "texture": "#0"}
			}
		},
		{
			"from": [-0.5, 3.83849, -8.6716],
			"to": [1.3125, 14.83849, -7.6716],
			"rotation": {"angle": 45, "axis": "x", "origin": [0.5, 2.9375, -8.5]},
			"faces": {
				"north": {"uv": [4, 0, 4.4375, 2.75], "texture": "#0"},
				"east": {"uv": [0.75, 10.5, 1, 13.25], "texture": "#0"},
				"south": {"uv": [4, 2.75, 4.4375, 5.5], "texture": "#0"},
				"west": {"uv": [1, 10.5, 1.25, 13.25], "texture": "#0"},
				"up": {"uv": [4.6875, 14, 4.25, 13.75], "texture": "#0"},
				"down": {"uv": [5.1875, 13.75, 4.75, 14], "texture": "#0"}
			}
		},
		{
			"from": [-0.5, 0.1875, -0.6875],
			"to": [1.3125, 10.8125, 0.5],
			"rotation": {"angle": 0, "axis": "y", "origin": [0.5, 0, 0]},
			"faces": {
				"north": {"uv": [3.5, 5.5, 3.9375, 8.1875], "texture": "#0"},
				"east": {"uv": [9.5, 2.75, 9.8125, 5.4375], "texture": "#0"},
				"south": {"uv": [4, 5.5, 4.4375, 8.1875], "texture": "#0"},
				"west": {"uv": [4.5, 9.5, 4.8125, 12.1875], "texture": "#0"},
				"up": {"uv": [6.6875, 13.8125, 6.25, 13.5], "texture": "#0"},
				"down": {"uv": [13.9375, 6.25, 13.5, 6.5625], "texture": "#0"}
			}
		},
		{
			"from": [-0.5, -0.75, -8.6875],
			"to": [1, 0, 0.9375],
			"rotation": {"angle": 22.5, "axis": "x", "origin": [0.5, 0, 1]},
			"faces": {
				"north": {"uv": [9.25, 13.75, 9.625, 13.9375], "texture": "#0"},
				"east": {"uv": [11.75, 8.5, 14.1875, 8.6875], "texture": "#0"},
				"south": {"uv": [13.75, 9.25, 14.125, 9.4375], "texture": "#0"},
				"west": {"uv": [11.75, 8.75, 14.1875, 8.9375], "texture": "#0"},
				"up": {"uv": [1.875, 9.6875, 1.5, 7.25], "texture": "#0"},
				"down": {"uv": [2.375, 7.25, 2, 9.6875], "texture": "#0"}
			}
		},
		{
			"from": [-0.5, 4.3125, 0.0625],
			"to": [1, 5.0625, 9.6875],
			"rotation": {"angle": 22.5, "axis": "x", "origin": [0.5, 4.3125, 0]},
			"faces": {
				"north": {"uv": [8.75, 13.75, 9.125, 13.9375], "texture": "#0"},
				"east": {"uv": [11.75, 3.25, 14.1875, 3.4375], "texture": "#0"},
				"south": {"uv": [13.75, 9, 14.125, 9.1875], "texture": "#0"},
				"west": {"uv": [11.75, 3.5, 14.1875, 3.6875], "texture": "#0"},
				"up": {"uv": [6.375, 9.4375, 6, 7], "texture": "#0"},
				"down": {"uv": [7.375, 6.25, 7, 8.6875], "texture": "#0"}
			}
		},
		{
			"from": [-0.5, -6.5, 0.5],
			"to": [1.3125, 4.125, 1.6875],
			"rotation": {"angle": 0, "axis": "y", "origin": [0.5, 4.3125, 1]},
			"faces": {
				"north": {"uv": [5.5, 0, 5.9375, 2.6875], "texture": "#0"},
				"east": {"uv": [9, 9.25, 9.3125, 11.9375], "texture": "#0"},
				"south": {"uv": [5.5, 2.75, 5.9375, 5.4375], "texture": "#0"},
				"west": {"uv": [9.5, 0, 9.8125, 2.6875], "texture": "#0"},
				"up": {"uv": [6.1875, 13.8125, 5.75, 13.5], "texture": "#0"},
				"down": {"uv": [13.9375, 5.75, 13.5, 6.0625], "texture": "#0"}
			}
		},
		{
			"from": [-0.5, -10.52599, 8.6716],
			"to": [1.3125, 0.47401, 9.6716],
			"rotation": {"angle": 45, "axis": "x", "origin": [0.5, 1.375, 9.5]},
			"faces": {
				"north": {"uv": [3.5, 0, 3.9375, 2.75], "texture": "#0"},
				"east": {"uv": [10.25, 10, 10.5, 12.75], "texture": "#0"},
				"south": {"uv": [3.5, 2.75, 3.9375, 5.5], "texture": "#0"},
				"west": {"uv": [0.5, 10.5, 0.75, 13.25], "texture": "#0"},
				"up": {"uv": [14.1875, 3.25, 13.75, 3], "texture": "#0"},
				"down": {"uv": [4.1875, 13.75, 3.75, 14], "texture": "#0"}
			}
		},
		{
			"from": [-0.5, 0.6875, -1.5],
			"to": [1.25, 2.125, -0.25],
			"rotation": {"angle": 22.5, "axis": "x", "origin": [0.5, -8.6875, -15]},
			"faces": {
				"north": {"uv": [13.25, 9, 13.6875, 9.375], "texture": "#0"},
				"east": {"uv": [13.5, 12.75, 13.8125, 13.125], "texture": "#0"},
				"south": {"uv": [9.25, 13.25, 9.6875, 13.625], "texture": "#0"},
				"west": {"uv": [13.75, 0.25, 14.0625, 0.625], "texture": "#0"},
				"up": {"uv": [5.6875, 13.8125, 5.25, 13.5], "texture": "#0"},
				"down": {"uv": [13.9375, 5.25, 13.5, 5.5625], "texture": "#0"}
			}
		},
		{
			"from": [-0.5, 2.125, -2.4375],
			"to": [1.25, 4.4375, 0.6875],
			"rotation": {"angle": 22.5, "axis": "x", "origin": [0.5, -8.6875, -15]},
			"faces": {
				"north": {"uv": [13, 12.5, 13.4375, 13.0625], "texture": "#0"},
				"east": {"uv": [11.75, 1.75, 12.5625, 2.3125], "texture": "#0"},
				"south": {"uv": [0, 13.25, 0.4375, 13.8125], "texture": "#0"},
				"west": {"uv": [11.75, 2.5, 12.5625, 3.0625], "texture": "#0"},
				"up": {"uv": [12.4375, 5.5625, 12, 4.75], "texture": "#0"},
				"down": {"uv": [12.4375, 5.75, 12, 6.5625], "texture": "#0"}
			}
		},
		{
			"from": [-0.5, 4.4375, -3.375],
			"to": [1.25, 6.75, 1.625],
			"rotation": {"angle": 22.5, "axis": "x", "origin": [0.5, -8.6875, -15]},
			"faces": {
				"north": {"uv": [8.75, 13, 9.1875, 13.5625], "texture": "#0"},
				"east": {"uv": [10, 1.5, 11.25, 2.0625], "texture": "#0"},
				"south": {"uv": [10.5, 13, 10.9375, 13.5625], "texture": "#0"},
				"west": {"uv": [10, 2.25, 11.25, 2.8125], "texture": "#0"},
				"up": {"uv": [11.6875, 3.75, 11.25, 2.5], "texture": "#0"},
				"down": {"uv": [3.9375, 11.25, 3.5, 12.5], "texture": "#0"}
			}
		},
		{
			"from": [-0.5, 6.75, -4.5625],
			"to": [1.25, 9.0625, 2.625],
			"rotation": {"angle": 22.5, "axis": "x", "origin": [0.5, -8.6875, -15]},
			"faces": {
				"north": {"uv": [13, 7.5, 13.4375, 8.0625], "texture": "#0"},
				"east": {"uv": [6.5, 1.5, 8.3125, 2.0625], "texture": "#0"},
				"south": {"uv": [8.25, 13, 8.6875, 13.5625], "texture": "#0"},
				"west": {"uv": [6.5, 2.25, 8.3125, 2.8125], "texture": "#0"},
				"up": {"uv": [7.4375, 11.3125, 7, 9.5], "texture": "#0"},
				"down": {"uv": [7.9375, 9.5, 7.5, 11.3125], "texture": "#0"}
			}
		},
		{
			"from": [-0.75, -2.4375, -0.875],
			"to": [1, -0.125, 5.125],
			"rotation": {"angle": 22.5, "axis": "x", "origin": [0, 13, 16]},
			"faces": {
				"north": {"uv": [12.75, 2.5, 13.1875, 3.0625], "texture": "#0"},
				"east": {"uv": [8.5, 8.5, 10, 9.0625], "texture": "#0"},
				"south": {"uv": [2.75, 12.75, 3.1875, 13.3125], "texture": "#0"},
				"west": {"uv": [6.5, 8.75, 8, 9.3125], "texture": "#0"},
				"up": {"uv": [10.9375, 6, 10.5, 4.5], "texture": "#0"},
				"down": {"uv": [10.9375, 6, 10.5, 7.5], "texture": "#0"}
			}
		},
		{
			"from": [-0.75, -0.125, 0.0625],
			"to": [1, 2.1875, 4.1875],
			"rotation": {"angle": 22.5, "axis": "x", "origin": [0, 13, 16]},
			"faces": {
				"north": {"uv": [12.75, 1.75, 13.1875, 2.3125], "texture": "#0"},
				"east": {"uv": [10.5, 10, 11.5625, 10.5625], "texture": "#0"},
				"south": {"uv": [2.25, 12.75, 2.6875, 13.3125], "texture": "#0"},
				"west": {"uv": [10.5, 10.75, 11.5625, 11.3125], "texture": "#0"},
				"up": {"uv": [6.4375, 12.5625, 6, 11.5], "texture": "#0"},
				"down": {"uv": [6.9375, 11.5, 6.5, 12.5625], "texture": "#0"}
			}
		},
		{
			"from": [-0.75, 2.1875, 1],
			"to": [1, 4.5, 3.25],
			"rotation": {"angle": 22.5, "axis": "x", "origin": [0, 13, 16]},
			"faces": {
				"north": {"uv": [12.75, 0.25, 13.1875, 0.8125], "texture": "#0"},
				"east": {"uv": [10.5, 12.25, 11.0625, 12.8125], "texture": "#0"},
				"south": {"uv": [12.75, 1, 13.1875, 1.5625], "texture": "#0"},
				"west": {"uv": [3.5, 12.5, 4.0625, 13.0625], "texture": "#0"},
				"up": {"uv": [1.6875, 13.3125, 1.25, 12.75], "texture": "#0"},
				"down": {"uv": [2.1875, 12.75, 1.75, 13.3125], "texture": "#0"}
			}
		},
		{
			"from": [-1.25, 0.25, -2.5],
			"to": [-0.25, 4.25, -0.5],
			"faces": {
				"north": {"uv": [10, 4.5, 10.25, 5.5], "texture": "#0"},
				"east": {"uv": [0, 11.5, 0.5, 12.5], "texture": "#0"},
				"south": {"uv": [1.25, 10.5, 1.5, 11.5], "texture": "#0"},
				"west": {"uv": [11.5, 3.75, 12, 4.75], "texture": "#0"},
				"up": {"uv": [11.5, 4.25, 11.25, 3.75], "texture": "#0"},
				"down": {"uv": [11.5, 12.25, 11.25, 12.75], "texture": "#0"}
			}
		},
		{
			"from": [-1.25, 0.25, 0.5],
			"to": [-0.25, 4.25, 2.5],
			"faces": {
				"north": {"uv": [1.75, 11.75, 2, 12.75], "texture": "#0"},
				"east": {"uv": [11.5, 4.75, 12, 5.75], "texture": "#0"},
				"south": {"uv": [4.5, 12.25, 4.75, 13.25], "texture": "#0"},
				"west": {"uv": [5, 11.5, 5.5, 12.5], "texture": "#0"},
				"up": {"uv": [4.5, 13, 4.25, 12.5], "texture": "#0"},
				"down": {"uv": [8.5, 12.5, 8.25, 13], "texture": "#0"}
			}
		}
	],
	"display": {
		"thirdperson_righthand": {
			"rotation": [0, 70, 0],
			"translation": [6.5, 3.75, -1.5],
			"scale": [0.42, 0.42, 0.42]
		},
		"thirdperson_lefthand": {
			"rotation": [0, 70, 0],
			"translation": [6.5, 3.75, -1.5],
			"scale": [0.42, 0.42, 0.42]
		},
		"firstperson_righthand": {
			"rotation": [0, 72, 0],
			"translation": [4.75, 7, -2.75],
			"scale": [0.42, 0.42, 0.42]
		},
		"firstperson_lefthand": {
			"rotation": [0, -110, 0],
			"translation": [-0.25, 6.75, -5.25],
			"scale": [0.42, 0.42, 0.42]
		},
		"ground": {
			"translation": [7.25, 13.75, 8.25]
		},
		"gui": {
			"rotation": [9, 84, -15],
			"translation": [6.25, 3.75, 0],
			"scale": [0.72, 0.72, 0.72]
		},
		"head": {
			"rotation": [4, -76, -24],
			"translation": [-7.75, 5, -3.25],
			"scale": [0.34, 0.34, 0.34]
		},
		"fixed": {
			"rotation": [0, -90, 0],
			"translation": [-7.75, 5.75, 6.5]
		}
	}
}