{
	"credit": "Made with Blockbench",
	"texture_size": [32, 32],
	"textures": {
		"0": "item/item11",
		"particle": "item/item11"
	},
	"elements": [
		{
			"from": [11, 0, 7.5],
			"to": [12, 1, 8.5],
			"rotation": {"angle": 0, "axis": "y", "origin": [7.5, 8, 8]},
			"faces": {
				"north": {"uv": [1, 12.5, 1.5, 13], "texture": "#0"},
				"east": {"uv": [12.5, 1, 13, 1.5], "texture": "#0"},
				"south": {"uv": [1.5, 12.5, 2, 13], "texture": "#0"},
				"west": {"uv": [12.5, 1.5, 13, 2], "texture": "#0"},
				"up": {"uv": [2.5, 13, 2, 12.5], "texture": "#0"},
				"down": {"uv": [13, 2, 12.5, 2.5], "texture": "#0"}
			}
		},
		{
			"from": [7.5, -0.5, 7.5],
			"to": [8.5, 0.5, 8.5],
			"rotation": {"angle": 0, "axis": "y", "origin": [8, 8.5, 8]},
			"faces": {
				"north": {"uv": [5, 12.5, 5.5, 13], "texture": "#0"},
				"east": {"uv": [5.5, 12.5, 6, 13], "texture": "#0"},
				"south": {"uv": [12.5, 5.5, 13, 6], "texture": "#0"},
				"west": {"uv": [6, 12.5, 6.5, 13], "texture": "#0"},
				"up": {"uv": [13, 6.5, 12.5, 6], "texture": "#0"},
				"down": {"uv": [13, 7, 12.5, 7.5], "texture": "#0"}
			}
		},
		{
			"from": [7, 0.5, 7.25],
			"to": [9, 1.5, 8.75],
			"rotation": {"angle": 0, "axis": "y", "origin": [8, 8.5, 8]},
			"faces": {
				"north": {"uv": [1, 11.5, 2, 12], "texture": "#0"},
				"east": {"uv": [6.5, 11.5, 7.25, 12], "texture": "#0"},
				"south": {"uv": [11.5, 1, 12.5, 1.5], "texture": "#0"},
				"west": {"uv": [11.5, 7, 12.25, 7.5], "texture": "#0"},
				"up": {"uv": [4, 5.75, 3, 5], "texture": "#0"},
				"down": {"uv": [11, 8, 10, 8.75], "texture": "#0"}
			}
		},
		{
			"from": [7.25, 1.5, 7.5],
			"to": [8.75, 3.5, 8.5],
			"rotation": {"angle": 0, "axis": "y", "origin": [8, 8.5, 8]},
			"faces": {
				"north": {"uv": [2, 10.5, 2.75, 11.5], "texture": "#0"},
				"east": {"uv": [5.5, 11.5, 6, 12.5], "texture": "#0"},
				"south": {"uv": [3, 11, 3.75, 12], "texture": "#0"},
				"west": {"uv": [6, 11.5, 6.5, 12.5], "texture": "#0"},
				"up": {"uv": [12.75, 1, 12, 0.5], "texture": "#0"},
				"down": {"uv": [1.75, 12, 1, 12.5], "texture": "#0"}
			}
		},
		{
			"from": [4.25, 4, 7],
			"to": [11.75, 5.25, 9],
			"rotation": {"angle": 0, "axis": "y", "origin": [8, 10, 8]},
			"faces": {
				"north": {"uv": [6, 7, 9.75, 7.75], "texture": "#0"},
				"east": {"uv": [11, 3, 12, 3.75], "texture": "#0"},
				"south": {"uv": [8, 0, 11.75, 0.75], "texture": "#0"},
				"west": {"uv": [4, 11, 5, 11.75], "texture": "#0"},
				"up": {"uv": [9.75, 7, 6, 6], "texture": "#0"},
				"down": {"uv": [10.75, 3, 7, 4], "texture": "#0"}
			}
		},
		{
			"from": [4.5, 5.25, 7.25],
			"to": [11.5, 6.5, 8.75],
			"rotation": {"angle": 0, "axis": "y", "origin": [8, 11.25, 8]},
			"faces": {
				"north": {"uv": [8, 1, 11.5, 1.75], "texture": "#0"},
				"east": {"uv": [11, 11, 11.75, 11.75], "texture": "#0"},
				"south": {"uv": [8, 2, 11.5, 2.75], "texture": "#0"},
				"west": {"uv": [0, 11.5, 0.75, 12.25], "texture": "#0"},
				"up": {"uv": [6.5, 8.75, 3, 8], "texture": "#0"},
				"down": {"uv": [10, 8, 6.5, 8.75], "texture": "#0"}
			}
		},
		{
			"from": [4, 6.5, 6.75],
			"to": [12, 11.5, 9.25],
			"rotation": {"angle": 0, "axis": "y", "origin": [8, 12.5, 8]},
			"faces": {
				"north": {"uv": [0, 0, 4, 2.5], "texture": "#0"},
				"east": {"uv": [0, 6.5, 1.25, 9], "texture": "#0"},
				"south": {"uv": [0, 2.5, 4, 5], "texture": "#0"},
				"west": {"uv": [1.5, 6.5, 2.75, 9], "texture": "#0"},
				"up": {"uv": [8, 1.25, 4, 0], "texture": "#0"},
				"down": {"uv": [8, 1.5, 4, 2.75], "texture": "#0"}
			}
		},
		{
			"from": [5.25, 7.25, 6.5],
			"to": [10.75, 10.25, 9.5],
			"rotation": {"angle": 0, "axis": "y", "origin": [8, 12.5, 8]},
			"faces": {
				"north": {"uv": [4, 3, 6.75, 4.5], "texture": "#0"},
				"east": {"uv": [0, 9, 1.5, 10.5], "texture": "#0"},
				"south": {"uv": [4, 4.5, 6.75, 6], "texture": "#0"},
				"west": {"uv": [1.5, 9, 3, 10.5], "texture": "#0"},
				"up": {"uv": [2.75, 6.5, 0, 5], "texture": "#0"},
				"down": {"uv": [5.75, 6, 3, 7.5], "texture": "#0"}
			}
		},
		{
			"from": [3, 7, 7.25],
			"to": [4, 10, 8.75],
			"rotation": {"angle": 0, "axis": "y", "origin": [0, 12, 8]},
			"faces": {
				"north": {"uv": [5, 11, 5.5, 12.5], "texture": "#0"},
				"east": {"uv": [10, 4, 10.75, 5.5], "texture": "#0"},
				"south": {"uv": [7.5, 11, 8, 12.5], "texture": "#0"},
				"west": {"uv": [5.5, 10, 6.25, 11.5], "texture": "#0"},
				"up": {"uv": [12, 12.75, 11.5, 12], "texture": "#0"},
				"down": {"uv": [12.5, 11.5, 12, 12.25], "texture": "#0"}
			}
		},
		{
			"from": [2.5, 7.5, 7.75],
			"to": [3, 9, 8.25],
			"rotation": {"angle": 0, "axis": "y", "origin": [-1, 12, 8]},
			"faces": {
				"north": {"uv": [13, 0, 13.25, 0.75], "texture": "#0"},
				"east": {"uv": [1, 13, 1.25, 13.75], "texture": "#0"},
				"south": {"uv": [13, 1, 13.25, 1.75], "texture": "#0"},
				"west": {"uv": [1.5, 13, 1.75, 13.75], "texture": "#0"},
				"up": {"uv": [12.75, 12.25, 12.5, 12], "texture": "#0"},
				"down": {"uv": [13.25, 3, 13, 3.25], "texture": "#0"}
			}
		},
		{
			"from": [13, 7.5, 7.75],
			"to": [13.5, 9, 8.25],
			"rotation": {"angle": 0, "axis": "y", "origin": [9.5, 12, 8]},
			"faces": {
				"north": {"uv": [2, 13, 2.25, 13.75], "texture": "#0"},
				"east": {"uv": [13, 2, 13.25, 2.75], "texture": "#0"},
				"south": {"uv": [2.5, 13, 2.75, 13.75], "texture": "#0"},
				"west": {"uv": [3, 13, 3.25, 13.75], "texture": "#0"},
				"up": {"uv": [3.75, 13.25, 3.5, 13], "texture": "#0"},
				"down": {"uv": [13.25, 3.5, 13, 3.75], "texture": "#0"}
			}
		},
		{
			"from": [12, 7, 7.25],
			"to": [13, 10, 8.75],
			"rotation": {"angle": 0, "axis": "y", "origin": [9, 12, 8]},
			"faces": {
				"north": {"uv": [8, 11, 8.5, 12.5], "texture": "#0"},
				"east": {"uv": [10, 5.5, 10.75, 7], "texture": "#0"},
				"south": {"uv": [8.5, 11, 9, 12.5], "texture": "#0"},
				"west": {"uv": [6.5, 10, 7.25, 11.5], "texture": "#0"},
				"up": {"uv": [0.5, 13.25, 0, 12.5], "texture": "#0"},
				"down": {"uv": [1, 12.5, 0.5, 13.25], "texture": "#0"}
			}
		},
		{
			"from": [5, 11.5, 7],
			"to": [11, 12.75, 9],
			"rotation": {"angle": 0, "axis": "y", "origin": [8, 17.5, 8]},
			"faces": {
				"north": {"uv": [3, 9, 6, 9.75], "texture": "#0"},
				"east": {"uv": [11, 4, 12, 4.75], "texture": "#0"},
				"south": {"uv": [6, 9, 9, 9.75], "texture": "#0"},
				"west": {"uv": [11, 5, 12, 5.75], "texture": "#0"},
				"up": {"uv": [10, 5, 7, 4], "texture": "#0"},
				"down": {"uv": [10, 5, 7, 6], "texture": "#0"}
			}
		},
		{
			"from": [6.75, 12.75, 7.25],
			"to": [9.25, 13.5, 8.75],
			"rotation": {"angle": 0, "axis": "y", "origin": [8, 18.75, 8]},
			"faces": {
				"north": {"uv": [3, 7.5, 4.25, 8], "texture": "#0"},
				"east": {"uv": [10.5, 12, 11.25, 12.5], "texture": "#0"},
				"south": {"uv": [4.5, 7.5, 5.75, 8], "texture": "#0"},
				"west": {"uv": [12, 11, 12.75, 11.5], "texture": "#0"},
				"up": {"uv": [11.25, 7.75, 10, 7], "texture": "#0"},
				"down": {"uv": [8.75, 10, 7.5, 10.75], "texture": "#0"}
			}
		},
		{
			"from": [7.25, 13.25, 7.5],
			"to": [8.25, 14.25, 8.5],
			"rotation": {"angle": 0, "axis": "y", "origin": [8, 19.25, 8]},
			"faces": {
				"north": {"uv": [12.5, 9, 13, 9.5], "texture": "#0"},
				"east": {"uv": [9.5, 12.5, 10, 13], "texture": "#0"},
				"south": {"uv": [12.5, 9.5, 13, 10], "texture": "#0"},
				"west": {"uv": [10, 12.5, 10.5, 13], "texture": "#0"},
				"up": {"uv": [11, 13, 10.5, 12.5], "texture": "#0"},
				"down": {"uv": [11.5, 12.5, 11, 13], "texture": "#0"}
			}
		},
		{
			"from": [5.75, 3.5, 7.25],
			"to": [10.25, 4, 8.75],
			"rotation": {"angle": 0, "axis": "y", "origin": [8, 9, 8]},
			"faces": {
				"north": {"uv": [11, 10, 13.25, 10.25], "texture": "#0"},
				"east": {"uv": [12.5, 11.5, 13.25, 11.75], "texture": "#0"},
				"south": {"uv": [11, 10.5, 13.25, 10.75], "texture": "#0"},
				"west": {"uv": [12, 12.5, 12.75, 12.75], "texture": "#0"},
				"up": {"uv": [11.25, 9.75, 9, 9], "texture": "#0"},
				"down": {"uv": [5.25, 10, 3, 10.75], "texture": "#0"}
			}
		},
		{
			"from": [10.75, 2, 7.5],
			"to": [12.25, 2.75, 8.5],
			"rotation": {"angle": 0, "axis": "y", "origin": [11.5, 9, 8]},
			"faces": {
				"north": {"uv": [2, 12, 2.75, 12.5], "texture": "#0"},
				"east": {"uv": [7.5, 12.5, 8, 13], "texture": "#0"},
				"south": {"uv": [3, 12, 3.75, 12.5], "texture": "#0"},
				"west": {"uv": [12.5, 7.5, 13, 8], "texture": "#0"},
				"up": {"uv": [12.75, 3.5, 12, 3], "texture": "#0"},
				"down": {"uv": [12.75, 3.5, 12, 4], "texture": "#0"}
			}
		},
		{
			"from": [10.5, 2.75, 7.5],
			"to": [12, 4, 8.5],
			"rotation": {"angle": 0, "axis": "y", "origin": [11.25, 9.75, 8]},
			"faces": {
				"north": {"uv": [11, 6, 11.75, 6.75], "texture": "#0"},
				"east": {"uv": [12, 5.5, 12.5, 6.25], "texture": "#0"},
				"south": {"uv": [11, 8, 11.75, 8.75], "texture": "#0"},
				"west": {"uv": [6.5, 12, 7, 12.75], "texture": "#0"},
				"up": {"uv": [12.75, 7, 12, 6.5], "texture": "#0"},
				"down": {"uv": [12.75, 8, 12, 8.5], "texture": "#0"}
			}
		},
		{
			"from": [4, 2.75, 7.5],
			"to": [5.5, 4, 8.5],
			"rotation": {"angle": 0, "axis": "z", "origin": [4.75, 9.75, 8]},
			"faces": {
				"north": {"uv": [9, 11, 9.75, 11.75], "texture": "#0"},
				"east": {"uv": [7, 12, 7.5, 12.75], "texture": "#0"},
				"south": {"uv": [10, 11, 10.75, 11.75], "texture": "#0"},
				"west": {"uv": [9, 12, 9.5, 12.75], "texture": "#0"},
				"up": {"uv": [12.75, 9, 12, 8.5], "texture": "#0"},
				"down": {"uv": [10.25, 12, 9.5, 12.5], "texture": "#0"}
			}
		},
		{
			"from": [3.75, 2, 7.5],
			"to": [5.25, 2.75, 8.5],
			"rotation": {"angle": 0, "axis": "z", "origin": [4.5, 9, 8]},
			"faces": {
				"north": {"uv": [4, 12, 4.75, 12.5], "texture": "#0"},
				"east": {"uv": [8, 12.5, 8.5, 13], "texture": "#0"},
				"south": {"uv": [12, 4, 12.75, 4.5], "texture": "#0"},
				"west": {"uv": [8.5, 12.5, 9, 13], "texture": "#0"},
				"up": {"uv": [12.75, 5, 12, 4.5], "texture": "#0"},
				"down": {"uv": [12.75, 5, 12, 5.5], "texture": "#0"}
			}
		},
		{
			"from": [10.5, 1, 7.25],
			"to": [12.5, 2, 8.75],
			"rotation": {"angle": 0, "axis": "y", "origin": [7.5, 8, 8]},
			"faces": {
				"north": {"uv": [11.5, 1.5, 12.5, 2], "texture": "#0"},
				"east": {"uv": [11.5, 7.5, 12.25, 8], "texture": "#0"},
				"south": {"uv": [2, 11.5, 3, 12], "texture": "#0"},
				"west": {"uv": [11.5, 9, 12.25, 9.5], "texture": "#0"},
				"up": {"uv": [10, 10.75, 9, 10], "texture": "#0"},
				"down": {"uv": [11, 10, 10, 10.75], "texture": "#0"}
			}
		},
		{
			"from": [3.5, 1, 7.25],
			"to": [5.5, 2, 8.75],
			"rotation": {"angle": 0, "axis": "z", "origin": [8.5, 8, 8]},
			"faces": {
				"north": {"uv": [11.5, 2, 12.5, 2.5], "texture": "#0"},
				"east": {"uv": [11.5, 9.5, 12.25, 10], "texture": "#0"},
				"south": {"uv": [11.5, 2.5, 12.5, 3], "texture": "#0"},
				"west": {"uv": [12, 0, 12.75, 0.5], "texture": "#0"},
				"up": {"uv": [1, 11.25, 0, 10.5], "texture": "#0"},
				"down": {"uv": [2, 10.5, 1, 11.25], "texture": "#0"}
			}
		},
		{
			"from": [4, 0, 7.5],
			"to": [5, 1, 8.5],
			"rotation": {"angle": 0, "axis": "z", "origin": [8.5, 8, 8]},
			"faces": {
				"north": {"uv": [2.5, 12.5, 3, 13], "texture": "#0"},
				"east": {"uv": [12.5, 2.5, 13, 3], "texture": "#0"},
				"south": {"uv": [3, 12.5, 3.5, 13], "texture": "#0"},
				"west": {"uv": [3.5, 12.5, 4, 13], "texture": "#0"},
				"up": {"uv": [4.5, 13, 4, 12.5], "texture": "#0"},
				"down": {"uv": [5, 12.5, 4.5, 13], "texture": "#0"}
			}
		}
	],
	"display": {
		"thirdperson_righthand": {
			"rotation": [0, 162, 0],
			"translation": [-0.75, 2.5, 0.5],
			"scale": [0.64, 0.64, 0.64]
		},
		"thirdperson_lefthand": {
			"rotation": [0, 162, 0],
			"translation": [-0.75, 2.5, 0.5],
			"scale": [0.64, 0.64, 0.64]
		},
		"firstperson_righthand": {
			"rotation": [0, 162, 0],
			"translation": [0.25, 4.75, 1.25],
			"scale": [0.46, 0.46, 0.46]
		},
		"firstperson_lefthand": {
			"rotation": [0, 162, 0],
			"translation": [0.25, 4.75, 1.25],
			"scale": [0.46, 0.46, 0.46]
		},
		"ground": {
			"translation": [0, 1.5, 0],
			"scale": [0.72, 0.72, 0.72]
		},
		"gui": {
			"rotation": [-7, 167, 0]
		},
		"head": {
			"rotation": [12, -180, -4],
			"translation": [0, 8.75, -27.5],
			"scale": [1.57, 1.57, 2.72]
		}
	}
}