{
	"credit": "Made with Blockbench",
	"texture_size": [64, 64],
	"textures": {
		"0": "item/item09",
		"particle": "item/item09"
	},
	"elements": [
		{
			"from": [6, 0.05, 7],
			"to": [10, 1, 9],
			"faces": {
				"north": {"uv": [9.75, 7.25, 10.75, 7.5], "texture": "#0"},
				"east": {"uv": [7.75, 1.5, 8.25, 1.75], "texture": "#0"},
				"south": {"uv": [3.5, 10.25, 4.5, 10.5], "texture": "#0"},
				"west": {"uv": [10.5, 9, 11, 9.25], "texture": "#0"},
				"up": {"uv": [8.5, 3.75, 7.5, 3.25], "texture": "#0"},
				"down": {"uv": [4.75, 7.5, 3.75, 8], "texture": "#0"}
			}
		},
		{
			"from": [7, 0, 6],
			"to": [9, 1, 10],
			"faces": {
				"north": {"uv": [10.5, 10, 11, 10.25], "texture": "#0"},
				"east": {"uv": [10.25, 4, 11.25, 4.25], "texture": "#0"},
				"south": {"uv": [10.75, 3.5, 11.25, 3.75], "texture": "#0"},
				"west": {"uv": [10.25, 4.25, 11.25, 4.5], "texture": "#0"},
				"up": {"uv": [5.25, 8.5, 4.75, 7.5], "texture": "#0"},
				"down": {"uv": [7.75, 7.5, 7.25, 8.5], "texture": "#0"}
			}
		},
		{
			"from": [4.5, 1, 4.5],
			"to": [11.5, 2, 11.5],
			"faces": {
				"north": {"uv": [8.5, 2.5, 10.25, 2.75], "texture": "#0"},
				"east": {"uv": [8.5, 2.75, 10.25, 3], "texture": "#0"},
				"south": {"uv": [8.5, 3, 10.25, 3.25], "texture": "#0"},
				"west": {"uv": [8.5, 3.25, 10.25, 3.5], "texture": "#0"},
				"up": {"uv": [3.75, 5.75, 2, 4], "texture": "#0"},
				"down": {"uv": [5.75, 2, 4, 3.75], "texture": "#0"}
			}
		},
		{
			"from": [7, 11, 6],
			"to": [9, 13.15, 10],
			"faces": {
				"north": {"uv": [9.5, 9.5, 10, 10.0625], "texture": "#0"},
				"east": {"uv": [7.5, 2.5, 8.5, 3.0625], "texture": "#0"},
				"south": {"uv": [9.75, 6.5, 10.25, 7.0625], "texture": "#0"},
				"west": {"uv": [2.75, 7.5, 3.75, 8.0625], "texture": "#0"},
				"up": {"uv": [8.25, 1.5, 7.75, 0.5], "texture": "#0"},
				"down": {"uv": [1.5, 7.75, 1, 8.75], "texture": "#0"}
			}
		},
		{
			"from": [6, 11, 7],
			"to": [10, 13.125, 9],
			"faces": {
				"north": {"uv": [1.75, 7.5, 2.75, 8.0625], "texture": "#0"},
				"east": {"uv": [8.5, 9.5, 9, 10.0625], "texture": "#0"},
				"south": {"uv": [7.5, 1.75, 8.5, 2.3125], "texture": "#0"},
				"west": {"uv": [9, 9.5, 9.5, 10.0625], "texture": "#0"},
				"up": {"uv": [1, 8.25, 0, 7.75], "texture": "#0"},
				"down": {"uv": [8.75, 0, 7.75, 0.5], "texture": "#0"}
			}
		},
		{
			"from": [8.275, 12.5, 8.275],
			"to": [7.725, 14.7, 7.725],
			"faces": {
				"north": {"uv": [7, 11, 7.125, 11.5625], "texture": "#0"},
				"east": {"uv": [7.25, 11, 7.375, 11.5625], "texture": "#0"},
				"south": {"uv": [7.5, 11, 7.625, 11.5625], "texture": "#0"},
				"west": {"uv": [11, 7.5, 11.125, 8.0625], "texture": "#0"},
				"up": {"uv": [11.625, 9.125, 11.5, 9], "texture": "#0"},
				"down": {"uv": [9.375, 11.5, 9.25, 11.625], "texture": "#0"}
			}
		},
		{
			"from": [8.025, 14.25, 8.425],
			"to": [7.475, 15.4, 7.875],
			"faces": {
				"north": {"uv": [8, 11.25, 8.125, 11.5625], "texture": "#0"},
				"east": {"uv": [8.25, 11.25, 8.375, 11.5625], "texture": "#0"},
				"south": {"uv": [8.5, 11.25, 8.625, 11.5625], "texture": "#0"},
				"west": {"uv": [11.25, 8.5, 11.375, 8.8125], "texture": "#0"},
				"up": {"uv": [11.625, 9.375, 11.5, 9.25], "texture": "#0"},
				"down": {"uv": [9.625, 11.5, 9.5, 11.625], "texture": "#0"}
			}
		},
		{
			"from": [8.55, 16.275, 8.65],
			"to": [8, 16.825, 8.1],
			"faces": {
				"north": {"uv": [2.5, 11.75, 2.625, 11.875], "texture": "#0"},
				"east": {"uv": [11.75, 2.5, 11.875, 2.625], "texture": "#0"},
				"south": {"uv": [11.75, 2.75, 11.875, 2.875], "texture": "#0"},
				"west": {"uv": [11.75, 3, 11.875, 3.125], "texture": "#0"},
				"up": {"uv": [11.875, 3.375, 11.75, 3.25], "texture": "#0"},
				"down": {"uv": [3.625, 11.75, 3.5, 11.875], "texture": "#0"}
			}
		},
		{
			"from": [7.75, 15.4, 9.275],
			"to": [7.2, 15.95, 8.725],
			"faces": {
				"north": {"uv": [11.75, 4.25, 11.875, 4.375], "texture": "#0"},
				"east": {"uv": [4.5, 11.75, 4.625, 11.875], "texture": "#0"},
				"south": {"uv": [11.75, 4.5, 11.875, 4.625], "texture": "#0"},
				"west": {"uv": [4.75, 11.75, 4.875, 11.875], "texture": "#0"},
				"up": {"uv": [11.875, 4.875, 11.75, 4.75], "texture": "#0"},
				"down": {"uv": [5.125, 11.75, 5, 11.875], "texture": "#0"}
			}
		},
		{
			"from": [8.525, 15, 9.775],
			"to": [7.975, 15.55, 9.225],
			"faces": {
				"north": {"uv": [11.75, 3.5, 11.875, 3.625], "texture": "#0"},
				"east": {"uv": [3.75, 11.75, 3.875, 11.875], "texture": "#0"},
				"south": {"uv": [11.75, 3.75, 11.875, 3.875], "texture": "#0"},
				"west": {"uv": [4, 11.75, 4.125, 11.875], "texture": "#0"},
				"up": {"uv": [11.875, 4.125, 11.75, 4], "texture": "#0"},
				"down": {"uv": [4.375, 11.75, 4.25, 11.875], "texture": "#0"}
			}
		},
		{
			"from": [5.975, 11, 5.975],
			"to": [10.025, 11.95, 10.025],
			"faces": {
				"north": {"uv": [10.25, 8.75, 11.25, 9], "texture": "#0"},
				"east": {"uv": [10.25, 9.25, 11.25, 9.5], "texture": "#0"},
				"south": {"uv": [9.75, 10.25, 10.75, 10.5], "texture": "#0"},
				"west": {"uv": [0, 10.5, 1, 10.75], "texture": "#0"},
				"up": {"uv": [8.25, 6.5, 7.25, 5.5], "texture": "#0"},
				"down": {"uv": [8.25, 6.5, 7.25, 7.5], "texture": "#0"}
			}
		},
		{
			"from": [4.5, 10, 4.5],
			"to": [11.5, 11, 11.5],
			"faces": {
				"north": {"uv": [8.5, 3.5, 10.25, 3.75], "texture": "#0"},
				"east": {"uv": [7.25, 8.5, 9, 8.75], "texture": "#0"},
				"south": {"uv": [8.75, 0, 10.5, 0.25], "texture": "#0"},
				"west": {"uv": [8.75, 0.25, 10.5, 0.5], "texture": "#0"},
				"up": {"uv": [5.5, 5.75, 3.75, 4], "texture": "#0"},
				"down": {"uv": [7.25, 3.75, 5.5, 5.5], "texture": "#0"}
			}
		},
		{
			"from": [3, 2.5, 4.5],
			"to": [4, 9.5, 11.5],
			"faces": {
				"north": {"uv": [5.25, 7.5, 5.5, 9.25], "texture": "#0"},
				"east": {"uv": [5.5, 5.5, 7.25, 7.25], "texture": "#0"},
				"south": {"uv": [3.5, 8.25, 3.75, 10], "texture": "#0"},
				"west": {"uv": [2, 5.75, 3.75, 7.5], "texture": "#0"},
				"up": {"uv": [5, 10.25, 4.75, 8.5], "texture": "#0"},
				"down": {"uv": [5.25, 8.5, 5, 10.25], "texture": "#0"}
			}
		},
		{
			"from": [2.025, 5.1, 6.1],
			"to": [3, 6.9, 9.9],
			"faces": {
				"north": {"uv": [8.25, 10.75, 8.5, 11.1875], "texture": "#0"},
				"east": {"uv": [8.75, 6.5, 9.6875, 6.9375], "texture": "#0"},
				"south": {"uv": [1.75, 11, 2, 11.4375], "texture": "#0"},
				"west": {"uv": [8.75, 7, 9.6875, 7.4375], "texture": "#0"},
				"up": {"uv": [10.75, 0.9375, 10.5, 0], "texture": "#0"},
				"down": {"uv": [1.25, 10.5, 1, 11.4375], "texture": "#0"}
			}
		},
		{
			"from": [2, 4, 7],
			"to": [3, 8, 9],
			"faces": {
				"north": {"uv": [4.5, 10.25, 4.75, 11.25], "texture": "#0"},
				"east": {"uv": [7.75, 7.5, 8.25, 8.5], "texture": "#0"},
				"south": {"uv": [10.25, 4.5, 10.5, 5.5], "texture": "#0"},
				"west": {"uv": [3.75, 8, 4.25, 9], "texture": "#0"},
				"up": {"uv": [1.75, 8.25, 1.5, 7.75], "texture": "#0"},
				"down": {"uv": [3.5, 10.75, 3.25, 11.25], "texture": "#0"}
			}
		},
		{
			"from": [6, 5, 13],
			"to": [10, 7, 13.975],
			"faces": {
				"north": {"uv": [8.5, 1.5, 9.5, 2], "texture": "#0"},
				"east": {"uv": [7.75, 10.75, 8, 11.25], "texture": "#0"},
				"south": {"uv": [8.5, 2, 9.5, 2.5], "texture": "#0"},
				"west": {"uv": [8, 10.75, 8.25, 11.25], "texture": "#0"},
				"up": {"uv": [11.25, 7.25, 10.25, 7], "texture": "#0"},
				"down": {"uv": [11.25, 8.5, 10.25, 8.75], "texture": "#0"}
			}
		},
		{
			"from": [6.05, 9.25, 13],
			"to": [6.55, 9.75, 14.975],
			"rotation": {"angle": -22.5, "axis": "z", "origin": [-1.7, 3.5, 0]},
			"faces": {
				"north": {"uv": [11.5, 9.5, 11.625, 9.625], "texture": "#0"},
				"east": {"uv": [11.25, 5, 11.75, 5.125], "texture": "#0"},
				"south": {"uv": [9.75, 11.5, 9.875, 11.625], "texture": "#0"},
				"west": {"uv": [5.25, 11.25, 5.75, 11.375], "texture": "#0"},
				"up": {"uv": [11.375, 5.75, 11.25, 5.25], "texture": "#0"},
				"down": {"uv": [5.875, 11.25, 5.75, 11.75], "texture": "#0"}
			}
		},
		{
			"from": [5.925, 9.125, 14.675],
			"to": [6.675, 9.875, 16.125],
			"rotation": {"angle": -22.5, "axis": "z", "origin": [-1.7, 3.5, 2]},
			"faces": {
				"north": {"uv": [11.25, 8, 11.4375, 8.1875], "texture": "#0"},
				"east": {"uv": [11, 8.25, 11.375, 8.4375], "texture": "#0"},
				"south": {"uv": [8.75, 11.25, 8.9375, 11.4375], "texture": "#0"},
				"west": {"uv": [11, 9, 11.375, 9.1875], "texture": "#0"},
				"up": {"uv": [11.1875, 9.875, 11, 9.5], "texture": "#0"},
				"down": {"uv": [9.9375, 11, 9.75, 11.375], "texture": "#0"}
			}
		},
		{
			"from": [6.1, 9.875, 14.825],
			"to": [6.5, 10.925, 15.375],
			"rotation": {"angle": -22.5, "axis": "z", "origin": [-1.7, 3.5, 2]},
			"faces": {
				"north": {"uv": [11.25, 9.5, 11.375, 9.75], "texture": "#0"},
				"east": {"uv": [11.25, 9.75, 11.375, 10], "texture": "#0"},
				"south": {"uv": [10, 11.25, 10.125, 11.5], "texture": "#0"},
				"west": {"uv": [11.25, 10, 11.375, 10.25], "texture": "#0"},
				"up": {"uv": [11.625, 9.875, 11.5, 9.75], "texture": "#0"},
				"down": {"uv": [10.125, 11.5, 10, 11.625], "texture": "#0"}
			}
		},
		{
			"from": [6.1, 10.925, 15],
			"to": [6.5, 11.425, 15.55],
			"rotation": {"angle": -22.5, "axis": "z", "origin": [-1.7, 3.5, 2]},
			"faces": {
				"north": {"uv": [11.5, 10, 11.625, 10.125], "texture": "#0"},
				"east": {"uv": [10.25, 11.5, 10.375, 11.625], "texture": "#0"},
				"south": {"uv": [11.5, 10.25, 11.625, 10.375], "texture": "#0"},
				"west": {"uv": [10.5, 11.5, 10.625, 11.625], "texture": "#0"},
				"up": {"uv": [11.625, 10.625, 11.5, 10.5], "texture": "#0"},
				"down": {"uv": [10.875, 11.5, 10.75, 11.625], "texture": "#0"}
			}
		},
		{
			"from": [6.175, 11.175, 15.425],
			"to": [6.5, 11.65, 16.425],
			"rotation": {"angle": -22.5, "axis": "z", "origin": [-1.7, 3.5, 2]},
			"faces": {
				"north": {"uv": [11.75, 6.5, 11.8125, 6.625], "texture": "#0"},
				"east": {"uv": [10.25, 11.25, 10.5, 11.375], "texture": "#0"},
				"south": {"uv": [6.75, 11.75, 6.8125, 11.875], "texture": "#0"},
				"west": {"uv": [11.25, 10.25, 11.5, 10.375], "texture": "#0"},
				"up": {"uv": [11.5625, 11, 11.5, 10.75], "texture": "#0"},
				"down": {"uv": [11.0625, 11.5, 11, 11.75], "texture": "#0"}
			}
		},
		{
			"from": [6.2, 10.3, 15.85],
			"to": [6.475, 11.325, 16.55],
			"rotation": {"angle": -22.5, "axis": "z", "origin": [-1.7, 3.5, 2]},
			"faces": {
				"north": {"uv": [11.5, 11, 11.5625, 11.25], "texture": "#0"},
				"east": {"uv": [11.25, 7.25, 11.4375, 7.5], "texture": "#0"},
				"south": {"uv": [11.25, 11.5, 11.3125, 11.75], "texture": "#0"},
				"west": {"uv": [11.25, 7.5, 11.4375, 7.75], "texture": "#0"},
				"up": {"uv": [11.8125, 5.6875, 11.75, 5.5], "texture": "#0"},
				"down": {"uv": [5.8125, 11.75, 5.75, 11.9375], "texture": "#0"}
			}
		},
		{
			"from": [6.2, 9.8, 15.225],
			"to": [6.475, 10.325, 16.325],
			"rotation": {"angle": -22.5, "axis": "z", "origin": [-1.7, 3.5, 2]},
			"faces": {
				"north": {"uv": [11.75, 6.75, 11.8125, 6.875], "texture": "#0"},
				"east": {"uv": [10.5, 11.25, 10.75, 11.375], "texture": "#0"},
				"south": {"uv": [7, 11.75, 7.0625, 11.875], "texture": "#0"},
				"west": {"uv": [11.25, 10.5, 11.5, 10.625], "texture": "#0"},
				"up": {"uv": [11.5625, 11.5, 11.5, 11.25], "texture": "#0"},
				"down": {"uv": [11.5625, 11.5, 11.5, 11.75], "texture": "#0"}
			}
		},
		{
			"from": [6.125, 8.675, 15.225],
			"to": [6.4, 9.2, 16.325],
			"rotation": {"angle": -22.5, "axis": "z", "origin": [-1.7, 3.5, 2]},
			"faces": {
				"north": {"uv": [11.75, 7.25, 11.8125, 7.375], "texture": "#0"},
				"east": {"uv": [11.5, 0, 11.75, 0.125], "texture": "#0"},
				"south": {"uv": [7.5, 11.75, 7.5625, 11.875], "texture": "#0"},
				"west": {"uv": [0.25, 11.5, 0.5, 11.625], "texture": "#0"},
				"up": {"uv": [2.3125, 12, 2.25, 11.75], "texture": "#0"},
				"down": {"uv": [11.8125, 2.25, 11.75, 2.5], "texture": "#0"}
			}
		},
		{
			"from": [6.125, 7.675, 15.85],
			"to": [6.4, 8.7, 16.55],
			"rotation": {"angle": -22.5, "axis": "z", "origin": [-1.7, 3.5, 2]},
			"faces": {
				"north": {"uv": [2, 11.75, 2.0625, 12], "texture": "#0"},
				"east": {"uv": [7.75, 11.25, 7.9375, 11.5], "texture": "#0"},
				"south": {"uv": [11.75, 2, 11.8125, 2.25], "texture": "#0"},
				"west": {"uv": [11.25, 7.75, 11.4375, 8], "texture": "#0"},
				"up": {"uv": [11.8125, 5.9375, 11.75, 5.75], "texture": "#0"},
				"down": {"uv": [6.0625, 11.75, 6, 11.9375], "texture": "#0"}
			}
		},
		{
			"from": [6.1, 7.35, 15.425],
			"to": [6.425, 7.825, 16.425],
			"rotation": {"angle": -22.5, "axis": "z", "origin": [-1.7, 3.5, 2]},
			"faces": {
				"north": {"uv": [11.75, 7, 11.8125, 7.125], "texture": "#0"},
				"east": {"uv": [11.25, 11.25, 11.5, 11.375], "texture": "#0"},
				"south": {"uv": [7.25, 11.75, 7.3125, 11.875], "texture": "#0"},
				"west": {"uv": [0, 11.5, 0.25, 11.625], "texture": "#0"},
				"up": {"uv": [11.8125, 1.75, 11.75, 1.5], "texture": "#0"},
				"down": {"uv": [11.8125, 1.75, 11.75, 2], "texture": "#0"}
			}
		},
		{
			"from": [6.1, 7.575, 15],
			"to": [6.5, 8.075, 15.55],
			"rotation": {"angle": -22.5, "axis": "z", "origin": [-1.7, 3.5, 2]},
			"faces": {
				"north": {"uv": [0.25, 11.75, 0.375, 11.875], "texture": "#0"},
				"east": {"uv": [11.75, 0.25, 11.875, 0.375], "texture": "#0"},
				"south": {"uv": [11.75, 0.5, 11.875, 0.625], "texture": "#0"},
				"west": {"uv": [11.75, 0.75, 11.875, 0.875], "texture": "#0"},
				"up": {"uv": [11.875, 1.125, 11.75, 1], "texture": "#0"},
				"down": {"uv": [11.875, 1.25, 11.75, 1.375], "texture": "#0"}
			}
		},
		{
			"from": [6.1, 8.075, 14.825],
			"to": [6.5, 9.125, 15.375],
			"rotation": {"angle": -22.5, "axis": "z", "origin": [-1.7, 3.5, 2]},
			"faces": {
				"north": {"uv": [10.75, 11.25, 10.875, 11.5], "texture": "#0"},
				"east": {"uv": [11.25, 10.75, 11.375, 11], "texture": "#0"},
				"south": {"uv": [11, 11.25, 11.125, 11.5], "texture": "#0"},
				"west": {"uv": [11.25, 11, 11.375, 11.25], "texture": "#0"},
				"up": {"uv": [0.125, 11.875, 0, 11.75], "texture": "#0"},
				"down": {"uv": [11.875, 0, 11.75, 0.125], "texture": "#0"}
			}
		},
		{
			"from": [7, 4, 13],
			"to": [9, 8, 14],
			"faces": {
				"north": {"uv": [8.25, 6.5, 8.75, 7.5], "texture": "#0"},
				"east": {"uv": [9.25, 10.25, 9.5, 11.25], "texture": "#0"},
				"south": {"uv": [8.25, 7.5, 8.75, 8.5], "texture": "#0"},
				"west": {"uv": [9.5, 10.25, 9.75, 11.25], "texture": "#0"},
				"up": {"uv": [7.75, 11, 7.25, 10.75], "texture": "#0"},
				"down": {"uv": [11.25, 7.25, 10.75, 7.5], "texture": "#0"}
			}
		},
		{
			"from": [4.5, 2.5, 12],
			"to": [11.5, 9.5, 13],
			"faces": {
				"north": {"uv": [7.25, 3.75, 9, 5.5], "texture": "#0"},
				"east": {"uv": [2.5, 8.75, 2.75, 10.5], "texture": "#0"},
				"south": {"uv": [5.5, 7.25, 7.25, 9], "texture": "#0"},
				"west": {"uv": [2.75, 8.75, 3, 10.5], "texture": "#0"},
				"up": {"uv": [10.5, 6.25, 8.75, 6], "texture": "#0"},
				"down": {"uv": [10.5, 6.25, 8.75, 6.5], "texture": "#0"}
			}
		},
		{
			"from": [5.5, 9.5, 11.5],
			"to": [10.5, 10.5, 12.5],
			"faces": {
				"north": {"uv": [9, 3.75, 10.25, 4], "texture": "#0"},
				"east": {"uv": [1.75, 7.25, 2, 7.5], "texture": "#0"},
				"south": {"uv": [9, 4, 10.25, 4.25], "texture": "#0"},
				"west": {"uv": [8.25, 1.5, 8.5, 1.75], "texture": "#0"},
				"up": {"uv": [10.25, 4.5, 9, 4.25], "texture": "#0"},
				"down": {"uv": [10.25, 4.5, 9, 4.75], "texture": "#0"}
			}
		},
		{
			"from": [5.5, 9.5, 3.5],
			"to": [10.5, 10.5, 4.5],
			"faces": {
				"north": {"uv": [9, 4.75, 10.25, 5], "texture": "#0"},
				"east": {"uv": [3.5, 10, 3.75, 10.25], "texture": "#0"},
				"south": {"uv": [9, 5, 10.25, 5.25], "texture": "#0"},
				"west": {"uv": [2.75, 10.5, 3, 10.75], "texture": "#0"},
				"up": {"uv": [10.25, 5.5, 9, 5.25], "texture": "#0"},
				"down": {"uv": [6.75, 9, 5.5, 9.25], "texture": "#0"}
			}
		},
		{
			"from": [5.5, 1.5, 3.5],
			"to": [10.5, 2.5, 4.5],
			"faces": {
				"north": {"uv": [6.75, 9, 8, 9.25], "texture": "#0"},
				"east": {"uv": [10, 11, 10.25, 11.25], "texture": "#0"},
				"south": {"uv": [8, 9, 9.25, 9.25], "texture": "#0"},
				"west": {"uv": [11, 10, 11.25, 10.25], "texture": "#0"},
				"up": {"uv": [10.25, 8.75, 9, 8.5], "texture": "#0"},
				"down": {"uv": [10.5, 0.5, 9.25, 0.75], "texture": "#0"}
			}
		},
		{
			"from": [8.875, 0.775, 14],
			"to": [14.875, 1.775, 15],
			"rotation": {"angle": 45, "axis": "y", "origin": [0, -0.5, 10.5]},
			"faces": {
				"north": {"uv": [4, 3.75, 5.5, 4], "texture": "#0"},
				"east": {"uv": [11.25, 3, 11.5, 3.25], "texture": "#0"},
				"south": {"uv": [6, 1.75, 7.5, 2], "texture": "#0"},
				"west": {"uv": [3.25, 11.25, 3.5, 11.5], "texture": "#0"},
				"up": {"uv": [8.75, 9, 7.25, 8.75], "texture": "#0"},
				"down": {"uv": [10.25, 7.5, 8.75, 7.75], "texture": "#0"}
			}
		},
		{
			"from": [13.375, 0.275, 10.75],
			"to": [14.875, 2.275, 12.25],
			"rotation": {"angle": 45, "axis": "y", "origin": [3, -0.5, 7.5]},
			"faces": {
				"north": {"uv": [10.5, 1, 10.875, 1.5], "texture": "#0"},
				"east": {"uv": [1.25, 10.5, 1.625, 11], "texture": "#0"},
				"south": {"uv": [1.75, 10.5, 2.125, 11], "texture": "#0"},
				"west": {"uv": [2.25, 10.5, 2.625, 11], "texture": "#0"},
				"up": {"uv": [11.125, 0.375, 10.75, 0], "texture": "#0"},
				"down": {"uv": [0.875, 10.75, 0.5, 11.125], "texture": "#0"}
			}
		},
		{
			"from": [13.625, 2.275, 10.75],
			"to": [14.975, 4.3, 12.25],
			"rotation": {"angle": 45, "axis": "y", "origin": [3, -0.5, 7.5]},
			"faces": {
				"north": {"uv": [10.5, 9.5, 10.8125, 10], "texture": "#0"},
				"east": {"uv": [3.5, 10.5, 3.875, 11], "texture": "#0"},
				"south": {"uv": [9.75, 10.5, 10.0625, 11], "texture": "#0"},
				"west": {"uv": [4, 10.5, 4.375, 11], "texture": "#0"},
				"up": {"uv": [11.0625, 10.625, 10.75, 10.25], "texture": "#0"},
				"down": {"uv": [11.0625, 10.75, 10.75, 11.125], "texture": "#0"}
			}
		},
		{
			"from": [14.875, 0.275, 10.75],
			"to": [14.975, 1.8, 12.25],
			"rotation": {"angle": 45, "axis": "y", "origin": [3, -0.5, 7.5]},
			"faces": {
				"north": {"uv": [1, 11.5, 1.0625, 11.875], "texture": "#0"},
				"east": {"uv": [10.75, 0.5, 11.125, 0.875], "texture": "#0"},
				"south": {"uv": [1.25, 11.5, 1.3125, 11.875], "texture": "#0"},
				"west": {"uv": [10.75, 1.5, 11.125, 1.875], "texture": "#0"},
				"up": {"uv": [11.5625, 1.625, 11.5, 1.25], "texture": "#0"},
				"down": {"uv": [1.5625, 11.5, 1.5, 11.875], "texture": "#0"}
			}
		},
		{
			"from": [13.875, 4.3, 11.125],
			"to": [14.975, 4.55, 11.875],
			"rotation": {"angle": 45, "axis": "y", "origin": [3, -0.5, 7.5]},
			"faces": {
				"north": {"uv": [4.25, 11.5, 4.5, 11.5625], "texture": "#0"},
				"east": {"uv": [11.75, 5, 11.9375, 5.0625], "texture": "#0"},
				"south": {"uv": [11.5, 4.25, 11.75, 4.3125], "texture": "#0"},
				"west": {"uv": [5.25, 11.75, 5.4375, 11.8125], "texture": "#0"},
				"up": {"uv": [6.75, 11.4375, 6.5, 11.25], "texture": "#0"},
				"down": {"uv": [11.5, 6.5, 11.25, 6.6875], "texture": "#0"}
			}
		},
		{
			"from": [13.875, 0.05, 11.2],
			"to": [14.975, 0.3, 11.8],
			"rotation": {"angle": 45, "axis": "y", "origin": [3, -0.5, 7.5]},
			"faces": {
				"north": {"uv": [11.5, 5.5, 11.75, 5.5625], "texture": "#0"},
				"east": {"uv": [11.75, 6, 11.875, 6.0625], "texture": "#0"},
				"south": {"uv": [6, 11.5, 6.25, 11.5625], "texture": "#0"},
				"west": {"uv": [6.25, 11.75, 6.375, 11.8125], "texture": "#0"},
				"up": {"uv": [9.25, 11.375, 9, 11.25], "texture": "#0"},
				"down": {"uv": [9.5, 11.25, 9.25, 11.375], "texture": "#0"}
			}
		},
		{
			"from": [13.875, 2.525, 10.5],
			"to": [14.975, 4.05, 10.75],
			"rotation": {"angle": 45, "axis": "y", "origin": [3, -0.5, 7.5]},
			"faces": {
				"north": {"uv": [3.75, 11, 4, 11.375], "texture": "#0"},
				"east": {"uv": [11.5, 0.25, 11.5625, 0.625], "texture": "#0"},
				"south": {"uv": [4, 11, 4.25, 11.375], "texture": "#0"},
				"west": {"uv": [0.5, 11.5, 0.5625, 11.875], "texture": "#0"},
				"up": {"uv": [4, 11.5625, 3.75, 11.5], "texture": "#0"},
				"down": {"uv": [11.75, 3.75, 11.5, 3.8125], "texture": "#0"}
			}
		},
		{
			"from": [13.875, 0.525, 10.5],
			"to": [14.975, 1.55, 10.75],
			"rotation": {"angle": 45, "axis": "y", "origin": [3, -0.5, 7.5]},
			"faces": {
				"north": {"uv": [11.25, 3.25, 11.5, 3.5], "texture": "#0"},
				"east": {"uv": [4.5, 11.5, 4.5625, 11.75], "texture": "#0"},
				"south": {"uv": [11.25, 3.5, 11.5, 3.75], "texture": "#0"},
				"west": {"uv": [11.5, 4.5, 11.5625, 4.75], "texture": "#0"},
				"up": {"uv": [5, 11.5625, 4.75, 11.5], "texture": "#0"},
				"down": {"uv": [11.75, 4.75, 11.5, 4.8125], "texture": "#0"}
			}
		},
		{
			"from": [13.875, 0.525, 12.25],
			"to": [14.975, 1.55, 12.5],
			"rotation": {"angle": 45, "axis": "y", "origin": [3, -0.5, 7.5]},
			"faces": {
				"north": {"uv": [11.25, 3.75, 11.5, 4], "texture": "#0"},
				"east": {"uv": [5, 11.5, 5.0625, 11.75], "texture": "#0"},
				"south": {"uv": [11.25, 4, 11.5, 4.25], "texture": "#0"},
				"west": {"uv": [5.25, 11.5, 5.3125, 11.75], "texture": "#0"},
				"up": {"uv": [11.75, 5.3125, 11.5, 5.25], "texture": "#0"},
				"down": {"uv": [5.75, 11.5, 5.5, 11.5625], "texture": "#0"}
			}
		},
		{
			"from": [13.875, 2.525, 12.25],
			"to": [14.975, 4.05, 12.5],
			"rotation": {"angle": 45, "axis": "y", "origin": [3, -0.5, 7.5]},
			"faces": {
				"north": {"uv": [4.25, 11, 4.5, 11.375], "texture": "#0"},
				"east": {"uv": [0.75, 11.5, 0.8125, 11.875], "texture": "#0"},
				"south": {"uv": [11, 4.5, 11.25, 4.875], "texture": "#0"},
				"west": {"uv": [11.5, 0.75, 11.5625, 1.125], "texture": "#0"},
				"up": {"uv": [4.25, 11.5625, 4, 11.5], "texture": "#0"},
				"down": {"uv": [11.75, 4, 11.5, 4.0625], "texture": "#0"}
			}
		},
		{
			"from": [0.05, 0.775, 9.625],
			"to": [6.05, 1.775, 10.625],
			"rotation": {"angle": -22.5, "axis": "y", "origin": [16, -0.5, 10.5]},
			"faces": {
				"north": {"uv": [8.75, 7.75, 10.25, 8], "texture": "#0"},
				"east": {"uv": [11.25, 4.75, 11.5, 5], "texture": "#0"},
				"south": {"uv": [8.75, 8, 10.25, 8.25], "texture": "#0"},
				"west": {"uv": [5, 11.25, 5.25, 11.5], "texture": "#0"},
				"up": {"uv": [10.25, 8.5, 8.75, 8.25], "texture": "#0"},
				"down": {"uv": [10.25, 8.75, 8.75, 9], "texture": "#0"}
			}
		},
		{
			"from": [0.05, 0.275, 8],
			"to": [1.55, 2.275, 9.5],
			"rotation": {"angle": -22.5, "axis": "y", "origin": [13, -0.5, 7.5]},
			"faces": {
				"north": {"uv": [10.5, 5.5, 10.875, 6], "texture": "#0"},
				"east": {"uv": [10.5, 6, 10.875, 6.5], "texture": "#0"},
				"south": {"uv": [10.5, 7.5, 10.875, 8], "texture": "#0"},
				"west": {"uv": [10.5, 8, 10.875, 8.5], "texture": "#0"},
				"up": {"uv": [3.125, 11.125, 2.75, 10.75], "texture": "#0"},
				"down": {"uv": [11.125, 3, 10.75, 3.375], "texture": "#0"}
			}
		},
		{
			"from": [-0.05, 0.525, 7.75],
			"to": [1.05, 1.55, 8],
			"rotation": {"angle": -22.5, "axis": "y", "origin": [13, -0.5, 7.5]},
			"faces": {
				"north": {"uv": [11.25, 4.5, 11.5, 4.75], "texture": "#0"},
				"east": {"uv": [11.5, 8.5, 11.5625, 8.75], "texture": "#0"},
				"south": {"uv": [4.75, 11.25, 5, 11.5], "texture": "#0"},
				"west": {"uv": [8.75, 11.5, 8.8125, 11.75], "texture": "#0"},
				"up": {"uv": [11.75, 8.8125, 11.5, 8.75], "texture": "#0"},
				"down": {"uv": [9.25, 11.5, 9, 11.5625], "texture": "#0"}
			}
		},
		{
			"from": [-0.05, 0.275, 8],
			"to": [0.05, 1.8, 9.5],
			"rotation": {"angle": -22.5, "axis": "y", "origin": [13, -0.5, 7.5]},
			"faces": {
				"north": {"uv": [11.5, 2.75, 11.5625, 3.125], "texture": "#0"},
				"east": {"uv": [10.75, 2, 11.125, 2.375], "texture": "#0"},
				"south": {"uv": [3, 11.5, 3.0625, 11.875], "texture": "#0"},
				"west": {"uv": [10.75, 2.5, 11.125, 2.875], "texture": "#0"},
				"up": {"uv": [3.3125, 11.875, 3.25, 11.5], "texture": "#0"},
				"down": {"uv": [11.5625, 3.25, 11.5, 3.625], "texture": "#0"}
			}
		},
		{
			"from": [-0.05, 0.05, 8.45],
			"to": [1.05, 0.3, 9.05],
			"rotation": {"angle": -22.5, "axis": "y", "origin": [13, -0.5, 7.5]},
			"faces": {
				"north": {"uv": [11.5, 8, 11.75, 8.0625], "texture": "#0"},
				"east": {"uv": [11.75, 6.25, 11.875, 6.3125], "texture": "#0"},
				"south": {"uv": [11.5, 8.25, 11.75, 8.3125], "texture": "#0"},
				"west": {"uv": [6.5, 11.75, 6.625, 11.8125], "texture": "#0"},
				"up": {"uv": [11.5, 9.375, 11.25, 9.25], "texture": "#0"},
				"down": {"uv": [9.75, 11.25, 9.5, 11.375], "texture": "#0"}
			}
		},
		{
			"from": [-0.05, 2.525, 7.75],
			"to": [1.05, 4.05, 8],
			"rotation": {"angle": -22.5, "axis": "y", "origin": [13, -0.5, 7.5]},
			"faces": {
				"north": {"uv": [11, 6, 11.25, 6.375], "texture": "#0"},
				"east": {"uv": [11.5, 2.25, 11.5625, 2.625], "texture": "#0"},
				"south": {"uv": [6.75, 11, 7, 11.375], "texture": "#0"},
				"west": {"uv": [2.75, 11.5, 2.8125, 11.875], "texture": "#0"},
				"up": {"uv": [8, 11.5625, 7.75, 11.5], "texture": "#0"},
				"down": {"uv": [11.75, 7.75, 11.5, 7.8125], "texture": "#0"}
			}
		},
		{
			"from": [-0.05, 2.275, 8],
			"to": [1.3, 4.3, 9.5],
			"rotation": {"angle": -22.5, "axis": "y", "origin": [13, -0.5, 7.5]},
			"faces": {
				"north": {"uv": [10.25, 10.5, 10.5625, 11], "texture": "#0"},
				"east": {"uv": [10.5, 4.5, 10.875, 5], "texture": "#0"},
				"south": {"uv": [0, 10.75, 0.3125, 11.25], "texture": "#0"},
				"west": {"uv": [10.5, 5, 10.875, 5.5], "texture": "#0"},
				"up": {"uv": [11.3125, 1.375, 11, 1], "texture": "#0"},
				"down": {"uv": [1.5625, 11, 1.25, 11.375], "texture": "#0"}
			}
		},
		{
			"from": [-0.05, 4.3, 8.375],
			"to": [1.05, 4.55, 9.125],
			"rotation": {"angle": -22.5, "axis": "y", "origin": [13, -0.5, 7.5]},
			"faces": {
				"north": {"uv": [11.5, 7.25, 11.75, 7.3125], "texture": "#0"},
				"east": {"uv": [11.75, 5.25, 11.9375, 5.3125], "texture": "#0"},
				"south": {"uv": [11.5, 7.5, 11.75, 7.5625], "texture": "#0"},
				"west": {"uv": [5.5, 11.75, 5.6875, 11.8125], "texture": "#0"},
				"up": {"uv": [11.5, 6.9375, 11.25, 6.75], "texture": "#0"},
				"down": {"uv": [11.5, 7, 11.25, 7.1875], "texture": "#0"}
			}
		},
		{
			"from": [-0.05, 0.525, 9.5],
			"to": [1.05, 1.55, 9.75],
			"rotation": {"angle": -22.5, "axis": "y", "origin": [13, -0.5, 7.5]},
			"faces": {
				"north": {"uv": [11.25, 4.25, 11.5, 4.5], "texture": "#0"},
				"east": {"uv": [11.5, 6.5, 11.5625, 6.75], "texture": "#0"},
				"south": {"uv": [4.5, 11.25, 4.75, 11.5], "texture": "#0"},
				"west": {"uv": [6.75, 11.5, 6.8125, 11.75], "texture": "#0"},
				"up": {"uv": [11.75, 6.8125, 11.5, 6.75], "texture": "#0"},
				"down": {"uv": [11.75, 7, 11.5, 7.0625], "texture": "#0"}
			}
		},
		{
			"from": [-0.05, 2.525, 9.5],
			"to": [1.05, 4.05, 9.75],
			"rotation": {"angle": -22.5, "axis": "y", "origin": [13, -0.5, 7.5]},
			"faces": {
				"north": {"uv": [11, 5, 11.25, 5.375], "texture": "#0"},
				"east": {"uv": [1.75, 11.5, 1.8125, 11.875], "texture": "#0"},
				"south": {"uv": [11, 5.5, 11.25, 5.875], "texture": "#0"},
				"west": {"uv": [11.5, 1.75, 11.5625, 2.125], "texture": "#0"},
				"up": {"uv": [6.5, 11.5625, 6.25, 11.5], "texture": "#0"},
				"down": {"uv": [6.75, 11.5, 6.5, 11.5625], "texture": "#0"}
			}
		},
		{
			"from": [5.5, 1.5, 11.5],
			"to": [10.5, 2.5, 12.5],
			"faces": {
				"north": {"uv": [9.25, 0.75, 10.5, 1], "texture": "#0"},
				"east": {"uv": [10.25, 11, 10.5, 11.25], "texture": "#0"},
				"south": {"uv": [9.25, 1, 10.5, 1.25], "texture": "#0"},
				"west": {"uv": [10.5, 11, 10.75, 11.25], "texture": "#0"},
				"up": {"uv": [10.5, 1.5, 9.25, 1.25], "texture": "#0"},
				"down": {"uv": [6.5, 9.25, 5.25, 9.5], "texture": "#0"}
			}
		},
		{
			"from": [3.5, 1.5, 5.5],
			"to": [4.5, 2.5, 10.5],
			"faces": {
				"north": {"uv": [0, 11.25, 0.25, 11.5], "texture": "#0"},
				"east": {"uv": [6.5, 9.25, 7.75, 9.5], "texture": "#0"},
				"south": {"uv": [11.25, 0, 11.5, 0.25], "texture": "#0"},
				"west": {"uv": [7.75, 9.25, 9, 9.5], "texture": "#0"},
				"up": {"uv": [2, 7.25, 1.75, 6], "texture": "#0"},
				"down": {"uv": [3.25, 8.75, 3, 10], "texture": "#0"}
			}
		},
		{
			"from": [11.5, 1.5, 5.5],
			"to": [12.5, 2.5, 10.5],
			"faces": {
				"north": {"uv": [0.25, 11.25, 0.5, 11.5], "texture": "#0"},
				"east": {"uv": [9, 9.25, 10.25, 9.5], "texture": "#0"},
				"south": {"uv": [11.25, 0.25, 11.5, 0.5], "texture": "#0"},
				"west": {"uv": [9.25, 9, 10.5, 9.25], "texture": "#0"},
				"up": {"uv": [3.5, 10, 3.25, 8.75], "texture": "#0"},
				"down": {"uv": [4, 9, 3.75, 10.25], "texture": "#0"}
			}
		},
		{
			"from": [11.5, 9.5, 5.5],
			"to": [12.5, 10.5, 10.5],
			"faces": {
				"north": {"uv": [0.5, 11.25, 0.75, 11.5], "texture": "#0"},
				"east": {"uv": [9.5, 1.5, 10.75, 1.75], "texture": "#0"},
				"south": {"uv": [11.25, 0.5, 11.5, 0.75], "texture": "#0"},
				"west": {"uv": [9.5, 1.75, 10.75, 2], "texture": "#0"},
				"up": {"uv": [4.25, 10.25, 4, 9], "texture": "#0"},
				"down": {"uv": [4.5, 9, 4.25, 10.25], "texture": "#0"}
			}
		},
		{
			"from": [3.5, 9.5, 5.5],
			"to": [4.5, 10.5, 10.5],
			"faces": {
				"north": {"uv": [0.75, 11.25, 1, 11.5], "texture": "#0"},
				"east": {"uv": [9.5, 2, 10.75, 2.25], "texture": "#0"},
				"south": {"uv": [11.25, 0.75, 11.5, 1], "texture": "#0"},
				"west": {"uv": [9.5, 2.25, 10.75, 2.5], "texture": "#0"},
				"up": {"uv": [4.75, 10.25, 4.5, 9], "texture": "#0"},
				"down": {"uv": [0.25, 9.25, 0, 10.5], "texture": "#0"}
			}
		},
		{
			"from": [3.5, 3.5, 3.5],
			"to": [4.5, 8.5, 4.5],
			"faces": {
				"north": {"uv": [0.25, 9.25, 0.5, 10.5], "texture": "#0"},
				"east": {"uv": [0.5, 9.25, 0.75, 10.5], "texture": "#0"},
				"south": {"uv": [0.75, 9.25, 1, 10.5], "texture": "#0"},
				"west": {"uv": [5.25, 9.5, 5.5, 10.75], "texture": "#0"},
				"up": {"uv": [11.5, 1.75, 11.25, 1.5], "texture": "#0"},
				"down": {"uv": [11.5, 1.75, 11.25, 2], "texture": "#0"}
			}
		},
		{
			"from": [3.5, 3.5, 11.5],
			"to": [4.5, 8.5, 12.5],
			"faces": {
				"north": {"uv": [5.5, 9.5, 5.75, 10.75], "texture": "#0"},
				"east": {"uv": [5.75, 9.5, 6, 10.75], "texture": "#0"},
				"south": {"uv": [6, 9.5, 6.25, 10.75], "texture": "#0"},
				"west": {"uv": [6.25, 9.5, 6.5, 10.75], "texture": "#0"},
				"up": {"uv": [11.5, 2.25, 11.25, 2], "texture": "#0"},
				"down": {"uv": [11.5, 2.25, 11.25, 2.5], "texture": "#0"}
			}
		},
		{
			"from": [11.5, 3.5, 11.5],
			"to": [12.5, 8.5, 12.5],
			"faces": {
				"north": {"uv": [6.5, 9.5, 6.75, 10.75], "texture": "#0"},
				"east": {"uv": [6.75, 9.5, 7, 10.75], "texture": "#0"},
				"south": {"uv": [7, 9.5, 7.25, 10.75], "texture": "#0"},
				"west": {"uv": [7.25, 9.5, 7.5, 10.75], "texture": "#0"},
				"up": {"uv": [11.5, 2.75, 11.25, 2.5], "texture": "#0"},
				"down": {"uv": [3, 11.25, 2.75, 11.5], "texture": "#0"}
			}
		},
		{
			"from": [11.5, 3.5, 3.5],
			"to": [12.5, 8.5, 4.5],
			"faces": {
				"north": {"uv": [7.5, 9.5, 7.75, 10.75], "texture": "#0"},
				"east": {"uv": [7.75, 9.5, 8, 10.75], "texture": "#0"},
				"south": {"uv": [8, 9.5, 8.25, 10.75], "texture": "#0"},
				"west": {"uv": [8.25, 9.5, 8.5, 10.75], "texture": "#0"},
				"up": {"uv": [11.5, 3, 11.25, 2.75], "texture": "#0"},
				"down": {"uv": [3.25, 11.25, 3, 11.5], "texture": "#0"}
			}
		},
		{
			"from": [12, 2.5, 4.5],
			"to": [13, 9.5, 11.5],
			"faces": {
				"north": {"uv": [1, 8.75, 1.25, 10.5], "texture": "#0"},
				"east": {"uv": [5.75, 2, 7.5, 3.75], "texture": "#0"},
				"south": {"uv": [1.25, 8.75, 1.5, 10.5], "texture": "#0"},
				"west": {"uv": [3.75, 5.75, 5.5, 7.5], "texture": "#0"},
				"up": {"uv": [1.75, 10.5, 1.5, 8.75], "texture": "#0"},
				"down": {"uv": [2, 8.75, 1.75, 10.5], "texture": "#0"}
			}
		},
		{
			"from": [13, 5, 6],
			"to": [13.975, 7, 10],
			"faces": {
				"north": {"uv": [5.75, 10.75, 6, 11.25], "texture": "#0"},
				"east": {"uv": [8.25, 0.5, 9.25, 1], "texture": "#0"},
				"south": {"uv": [6, 10.75, 6.25, 11.25], "texture": "#0"},
				"west": {"uv": [8.25, 1, 9.25, 1.5], "texture": "#0"},
				"up": {"uv": [10.5, 8.5, 10.25, 7.5], "texture": "#0"},
				"down": {"uv": [8.75, 10.25, 8.5, 11.25], "texture": "#0"}
			}
		},
		{
			"from": [13, 4, 7],
			"to": [14, 8, 9],
			"faces": {
				"north": {"uv": [4.75, 10.25, 5, 11.25], "texture": "#0"},
				"east": {"uv": [4.25, 8, 4.75, 9], "texture": "#0"},
				"south": {"uv": [5, 10.25, 5.25, 11.25], "texture": "#0"},
				"west": {"uv": [0, 8.25, 0.5, 9.25], "texture": "#0"},
				"up": {"uv": [5.5, 11.25, 5.25, 10.75], "texture": "#0"},
				"down": {"uv": [5.75, 10.75, 5.5, 11.25], "texture": "#0"}
			}
		},
		{
			"from": [4.5, 2.5, 3],
			"to": [11.5, 9.5, 4],
			"faces": {
				"north": {"uv": [0, 6, 1.75, 7.75], "texture": "#0"},
				"east": {"uv": [2, 8.75, 2.25, 10.5], "texture": "#0"},
				"south": {"uv": [6, 0, 7.75, 1.75], "texture": "#0"},
				"west": {"uv": [2.25, 8.75, 2.5, 10.5], "texture": "#0"},
				"up": {"uv": [10.5, 5.75, 8.75, 5.5], "texture": "#0"},
				"down": {"uv": [10.5, 5.75, 8.75, 6], "texture": "#0"}
			}
		},
		{
			"from": [7, 4, 2],
			"to": [9, 8, 3],
			"faces": {
				"north": {"uv": [0.5, 8.25, 1, 9.25], "texture": "#0"},
				"east": {"uv": [8.75, 10.25, 9, 11.25], "texture": "#0"},
				"south": {"uv": [8.25, 5.5, 8.75, 6.5], "texture": "#0"},
				"west": {"uv": [9, 10.25, 9.25, 11.25], "texture": "#0"},
				"up": {"uv": [11.25, 4, 10.75, 3.75], "texture": "#0"},
				"down": {"uv": [7.25, 10.75, 6.75, 11], "texture": "#0"}
			}
		},
		{
			"from": [9.425, 5.5, 2.575],
			"to": [11, 8.5, 3],
			"faces": {
				"north": {"uv": [3, 10, 3.375, 10.75], "texture": "#0"},
				"east": {"uv": [2, 11, 2.125, 11.75], "texture": "#0"},
				"south": {"uv": [10, 9.5, 10.375, 10.25], "texture": "#0"},
				"west": {"uv": [2.25, 11, 2.375, 11.75], "texture": "#0"},
				"up": {"uv": [11.625, 5.875, 11.25, 5.75], "texture": "#0"},
				"down": {"uv": [6.375, 11.25, 6, 11.375], "texture": "#0"}
			}
		},
		{
			"from": [5, 5.5, 2.575],
			"to": [6.575, 8.5, 3],
			"rotation": {"angle": 0, "axis": "y", "origin": [16, 0, 0]},
			"faces": {
				"north": {"uv": [10.25, 2.5, 10.625, 3.25], "texture": "#0"},
				"east": {"uv": [2.5, 11, 2.625, 11.75], "texture": "#0"},
				"south": {"uv": [10.25, 3.25, 10.625, 4], "texture": "#0"},
				"west": {"uv": [3.5, 11, 3.625, 11.75], "texture": "#0"},
				"up": {"uv": [11.625, 6.125, 11.25, 6], "texture": "#0"},
				"down": {"uv": [11.625, 6.25, 11.25, 6.375], "texture": "#0"}
			}
		},
		{
			"from": [6, 5, 2.05],
			"to": [10, 7, 3],
			"faces": {
				"north": {"uv": [1.5, 8.25, 2.5, 8.75], "texture": "#0"},
				"east": {"uv": [6.25, 10.75, 6.5, 11.25], "texture": "#0"},
				"south": {"uv": [2.5, 8.25, 3.5, 8.75], "texture": "#0"},
				"west": {"uv": [6.5, 10.75, 6.75, 11.25], "texture": "#0"},
				"up": {"uv": [11.25, 6.75, 10.25, 6.5], "texture": "#0"},
				"down": {"uv": [11.25, 6.75, 10.25, 7], "texture": "#0"}
			}
		},
		{
			"from": [4, 2, 4],
			"to": [12, 10, 12],
			"faces": {
				"north": {"uv": [0, 0, 2, 2], "texture": "#0"},
				"east": {"uv": [0, 2, 2, 4], "texture": "#0"},
				"south": {"uv": [2, 0, 4, 2], "texture": "#0"},
				"west": {"uv": [2, 2, 4, 4], "texture": "#0"},
				"up": {"uv": [2, 6, 0, 4], "texture": "#0"},
				"down": {"uv": [6, 0, 4, 2], "texture": "#0"}
			}
		}
	],
	"display": {
		"thirdperson_righthand": {
			"rotation": [-6, 141, 0],
			"translation": [-0.5, 0.5, 0],
			"scale": [0.57, 0.57, 0.57]
		},
		"thirdperson_lefthand": {
			"rotation": [-6, 141, 0],
			"translation": [-0.5, 0.5, 0],
			"scale": [0.57, 0.57, 0.57]
		},
		"firstperson_righthand": {
			"rotation": [-9, 137, 4],
			"translation": [-0.75, 5.5, 1.25],
			"scale": [0.32, 0.32, 0.32]
		},
		"firstperson_lefthand": {
			"rotation": [-9, 137, 4],
			"translation": [-0.75, 5.5, 1.25],
			"scale": [0.32, 0.32, 0.32]
		},
		"ground": {
			"translation": [0, 5, 0],
			"scale": [1.1, 1.1, 1.1]
		},
		"gui": {
			"rotation": [0, -180, 0],
			"translation": [0, 0.75, 0]
		},
		"head": {
			"translation": [0.5, 13.75, -1.75]
		},
		"fixed": {
			"translation": [0, 1.25, 0.5]
		}
	}
}