{
	"credit": "Made with Blockbench",
	"texture_size": [64, 64],
	"textures": {
		"0": "item/item05",
		"particle": "item/item05"
	},
	"elements": [
		{
			"from": [6, 0.5, 6],
			"to": [10, 1, 10],
			"faces": {
				"north": {"uv": [3.25, 7.25, 4.25, 7.375], "texture": "#0"},
				"east": {"uv": [7.25, 3.25, 8.25, 3.375], "texture": "#0"},
				"south": {"uv": [4.25, 7.25, 5.25, 7.375], "texture": "#0"},
				"west": {"uv": [5.25, 7.25, 6.25, 7.375], "texture": "#0"},
				"up": {"uv": [5.5, 6.25, 4.5, 5.25], "texture": "#0"},
				"down": {"uv": [6.5, 4.75, 5.5, 5.75], "texture": "#0"}
			}
		},
		{
			"from": [5.5, 1, 6],
			"to": [10.5, 3, 10],
			"faces": {
				"north": {"uv": [6, 3, 7.25, 3.5], "texture": "#0"},
				"east": {"uv": [3.25, 2.5, 4.25, 3], "texture": "#0"},
				"south": {"uv": [6.25, 0, 7.5, 0.5], "texture": "#0"},
				"west": {"uv": [0, 6.25, 1, 6.75], "texture": "#0"},
				"up": {"uv": [6.25, 1, 5, 0], "texture": "#0"},
				"down": {"uv": [6.25, 1, 5, 2], "texture": "#0"}
			}
		},
		{
			"from": [6, 1, 5.5],
			"to": [10, 3, 10.5],
			"faces": {
				"north": {"uv": [6.25, 6.25, 7.25, 6.75], "texture": "#0"},
				"east": {"uv": [6.25, 0.5, 7.5, 1], "texture": "#0"},
				"south": {"uv": [1, 6.5, 2, 7], "texture": "#0"},
				"west": {"uv": [6.25, 1, 7.5, 1.5], "texture": "#0"},
				"up": {"uv": [4.5, 6.5, 3.5, 5.25], "texture": "#0"},
				"down": {"uv": [6.25, 3.5, 5.25, 4.75], "texture": "#0"}
			}
		},
		{
			"from": [5.5, 3, 4.5],
			"to": [10.5, 4.475, 11.5],
			"faces": {
				"north": {"uv": [2, 6.5, 3.25, 6.875], "texture": "#0"},
				"east": {"uv": [5, 2, 6.75, 2.375], "texture": "#0"},
				"south": {"uv": [3.25, 6.5, 4.5, 6.875], "texture": "#0"},
				"west": {"uv": [5.5, 5.75, 7.25, 6.125], "texture": "#0"},
				"up": {"uv": [3, 4.75, 1.75, 3], "texture": "#0"},
				"down": {"uv": [4.25, 3, 3, 4.75], "texture": "#0"}
			}
		},
		{
			"from": [5, 4.5, 5],
			"to": [11, 5.25, 11],
			"faces": {
				"north": {"uv": [6.25, 6.75, 7.75, 6.9375], "texture": "#0"},
				"east": {"uv": [0, 7, 1.5, 7.1875], "texture": "#0"},
				"south": {"uv": [1.5, 7, 3, 7.1875], "texture": "#0"},
				"west": {"uv": [3, 7, 4.5, 7.1875], "texture": "#0"},
				"up": {"uv": [3.25, 1.5, 1.75, 0], "texture": "#0"},
				"down": {"uv": [3.25, 1.5, 1.75, 3], "texture": "#0"}
			}
		},
		{
			"from": [5.5, 5.25, 5.5],
			"to": [10.5, 6, 10.5],
			"faces": {
				"north": {"uv": [4.5, 7, 5.75, 7.1875], "texture": "#0"},
				"east": {"uv": [5.75, 7, 7, 7.1875], "texture": "#0"},
				"south": {"uv": [7, 7, 8.25, 7.1875], "texture": "#0"},
				"west": {"uv": [0, 7.25, 1.25, 7.4375], "texture": "#0"},
				"up": {"uv": [2.25, 6, 1, 4.75], "texture": "#0"},
				"down": {"uv": [3.5, 4.75, 2.25, 6], "texture": "#0"}
			}
		},
		{
			"from": [4.75, 4.5, 6],
			"to": [11.25, 5.225, 10],
			"faces": {
				"north": {"uv": [6.5, 5.5, 8.125, 5.6875], "texture": "#0"},
				"east": {"uv": [0, 6.75, 1, 6.9375], "texture": "#0"},
				"south": {"uv": [6.75, 2, 8.375, 2.1875], "texture": "#0"},
				"west": {"uv": [1.25, 7.25, 2.25, 7.4375], "texture": "#0"},
				"up": {"uv": [1.625, 4.5, 0, 3.5], "texture": "#0"},
				"down": {"uv": [5.875, 2.5, 4.25, 3.5], "texture": "#0"}
			}
		},
		{
			"from": [6, 4.5, 4.75],
			"to": [10, 5.225, 11.25],
			"faces": {
				"north": {"uv": [2.25, 7.25, 3.25, 7.4375], "texture": "#0"},
				"east": {"uv": [6.75, 2.25, 8.375, 2.4375], "texture": "#0"},
				"south": {"uv": [7.25, 3, 8.25, 3.1875], "texture": "#0"},
				"west": {"uv": [4.5, 6.75, 6.125, 6.9375], "texture": "#0"},
				"up": {"uv": [5.25, 5.125, 4.25, 3.5], "texture": "#0"},
				"down": {"uv": [1, 4.5, 0, 6.125], "texture": "#0"}
			}
		},
		{
			"from": [4.5, 3, 5.5],
			"to": [11.5, 4.475, 10.5],
			"faces": {
				"north": {"uv": [1, 6, 2.75, 6.375], "texture": "#0"},
				"east": {"uv": [6.5, 4.5, 7.75, 4.875], "texture": "#0"},
				"south": {"uv": [6, 2.5, 7.75, 2.875], "texture": "#0"},
				"west": {"uv": [6.5, 5, 7.75, 5.375], "texture": "#0"},
				"up": {"uv": [5, 1.25, 3.25, 0], "texture": "#0"},
				"down": {"uv": [5, 1.25, 3.25, 2.5], "texture": "#0"}
			}
		},
		{
			"from": [4.75, 3, 4.75],
			"to": [11.25, 4.5, 11.25],
			"faces": {
				"north": {"uv": [6.25, 1.5, 7.875, 1.875], "texture": "#0"},
				"east": {"uv": [6.25, 3.5, 7.875, 3.875], "texture": "#0"},
				"south": {"uv": [6.25, 4, 7.875, 4.375], "texture": "#0"},
				"west": {"uv": [4.5, 6.25, 6.125, 6.625], "texture": "#0"},
				"up": {"uv": [1.625, 1.625, 0, 0], "texture": "#0"},
				"down": {"uv": [1.625, 1.75, 0, 3.375], "texture": "#0"}
			}
		}
	],
	"display": {
		"thirdperson_righthand": {
			"rotation": [18, -45, 0],
			"translation": [0, 5.75, 0]
		},
		"thirdperson_lefthand": {
			"rotation": [18, -45, 0],
			"translation": [0, 5.75, 0]
		},
		"firstperson_righthand": {
			"rotation": [0, 112, 0],
			"translation": [-1, 8, 0.75],
			"scale": [0.7, 0.7, 0.7]
		},
		"firstperson_lefthand": {
			"rotation": [0, 112, 0],
			"translation": [-1, 8, 0.75],
			"scale": [0.7, 0.7, 0.7]
		},
		"gui": {
			"rotation": [7, -164, 0],
			"translation": [0, 7.75, 0],
			"scale": [1.75, 1.75, 1.75]
		},
		"head": {
			"translation": [0, 14.5, 0]
		},
		"fixed": {
			"translation": [0, 5, 0]
		}
	}
}