{
	"credit": "Made with Blockbench",
	"texture_size": [64, 64],
	"textures": {
		"0": "item/item12",
		"particle": "item/item12"
	},
	"elements": [
		{
			"from": [5, 0, 4.75],
			"to": [11, 0.5, 11.25],
			"faces": {
				"north": {"uv": [0, 8.5, 1.5, 8.625], "texture": "#0"},
				"east": {"uv": [6.25, 8.25, 7.875, 8.375], "texture": "#0"},
				"south": {"uv": [1.5, 8.5, 3, 8.625], "texture": "#0"},
				"west": {"uv": [8, 8.25, 9.625, 8.375], "texture": "#0"},
				"up": {"uv": [7.25, 1.625, 5.75, 0], "texture": "#0"},
				"down": {"uv": [7.25, 1.75, 5.75, 3.375], "texture": "#0"}
			}
		},
		{
			"from": [4.5, 0.5, 4.75],
			"to": [11.5, 2.5, 11.25],
			"faces": {
				"north": {"uv": [7, 5.5, 8.75, 6], "texture": "#0"},
				"east": {"uv": [7.25, 0.5, 8.875, 1], "texture": "#0"},
				"south": {"uv": [7, 6, 8.75, 6.5], "texture": "#0"},
				"west": {"uv": [7.25, 1, 8.875, 1.5], "texture": "#0"},
				"up": {"uv": [5.75, 1.625, 4, 0], "texture": "#0"},
				"down": {"uv": [5.75, 1.75, 4, 3.375], "texture": "#0"}
			}
		},
		{
			"from": [5, 0.5, 4.25],
			"to": [11, 2.5, 11.75],
			"faces": {
				"north": {"uv": [7.25, 2.5, 8.75, 3], "texture": "#0"},
				"east": {"uv": [7, 5, 8.875, 5.5], "texture": "#0"},
				"south": {"uv": [7.25, 3, 8.75, 3.5], "texture": "#0"},
				"west": {"uv": [5.25, 7, 7.125, 7.5], "texture": "#0"},
				"up": {"uv": [3.75, 5.875, 2.25, 4], "texture": "#0"},
				"down": {"uv": [5.5, 3.5, 4, 5.375], "texture": "#0"}
			}
		},
		{
			"from": [3.75, 1.5, 3.5],
			"to": [12.25, 3, 12.5],
			"faces": {
				"north": {"uv": [7.25, 1.5, 9.375, 1.875], "texture": "#0"},
				"east": {"uv": [7, 6.5, 9.25, 6.875], "texture": "#0"},
				"south": {"uv": [7.25, 2, 9.375, 2.375], "texture": "#0"},
				"west": {"uv": [7.25, 0, 9.5, 0.375], "texture": "#0"},
				"up": {"uv": [2.125, 2.25, 0, 0], "texture": "#0"},
				"down": {"uv": [2.125, 2.25, 0, 4.5], "texture": "#0"}
			}
		},
		{
			"from": [5.25, 3, 4],
			"to": [10.75, 4.5, 12],
			"faces": {
				"north": {"uv": [1.75, 8, 3.125, 8.375], "texture": "#0"},
				"east": {"uv": [7.25, 7, 9.25, 7.375], "texture": "#0"},
				"south": {"uv": [3.25, 8, 4.625, 8.375], "texture": "#0"},
				"west": {"uv": [0, 7.5, 2, 7.875], "texture": "#0"},
				"up": {"uv": [5.125, 7.5, 3.75, 5.5], "texture": "#0"},
				"down": {"uv": [6.875, 5, 5.5, 7], "texture": "#0"}
			}
		},
		{
			"from": [6.5, 1.25, 3.275],
			"to": [9.5, 4.25, 4],
			"faces": {
				"north": {"uv": [3, 6, 3.75, 6.75], "texture": "#0"},
				"east": {"uv": [3.75, 4, 3.9375, 4.75], "texture": "#0"},
				"south": {"uv": [3, 6.75, 3.75, 7.5], "texture": "#0"},
				"west": {"uv": [2, 4.5, 2.1875, 5.25], "texture": "#0"},
				"up": {"uv": [5.75, 8.6875, 5, 8.5], "texture": "#0"},
				"down": {"uv": [6.5, 8.5, 5.75, 8.6875], "texture": "#0"}
			}
		},
		{
			"from": [6.25, 3, 3.55],
			"to": [9.75, 3.75, 4],
			"faces": {
				"north": {"uv": [3, 8.5, 3.875, 8.6875], "texture": "#0"},
				"east": {"uv": [3.75, 4.75, 3.875, 4.9375], "texture": "#0"},
				"south": {"uv": [4, 8.5, 4.875, 8.6875], "texture": "#0"},
				"west": {"uv": [3.75, 5, 3.875, 5.1875], "texture": "#0"},
				"up": {"uv": [7.375, 8.625, 6.5, 8.5], "texture": "#0"},
				"down": {"uv": [8.375, 8.5, 7.5, 8.625], "texture": "#0"}
			}
		},
		{
			"from": [5.25, 4.5, 5],
			"to": [10.75, 5.25, 11],
			"faces": {
				"north": {"uv": [7.75, 8, 9.125, 8.1875], "texture": "#0"},
				"east": {"uv": [4.75, 8, 6.25, 8.1875], "texture": "#0"},
				"south": {"uv": [4.75, 8.25, 6.125, 8.4375], "texture": "#0"},
				"west": {"uv": [6.25, 8, 7.75, 8.1875], "texture": "#0"},
				"up": {"uv": [1.375, 7.5, 0, 6], "texture": "#0"},
				"down": {"uv": [2.875, 6, 1.5, 7.5], "texture": "#0"}
			}
		},
		{
			"from": [4.25, 3, 5],
			"to": [11.75, 4.5, 11],
			"faces": {
				"north": {"uv": [2, 7.5, 3.875, 7.875], "texture": "#0"},
				"east": {"uv": [7.5, 4.5, 9, 4.875], "texture": "#0"},
				"south": {"uv": [7.5, 3.5, 9.375, 3.875], "texture": "#0"},
				"west": {"uv": [6, 7.5, 7.5, 7.875], "texture": "#0"},
				"up": {"uv": [1.875, 6, 0, 4.5], "texture": "#0"},
				"down": {"uv": [7.375, 3.5, 5.5, 5], "texture": "#0"}
			}
		},
		{
			"from": [4.5, 3, 4.25],
			"to": [11.5, 4.25, 11.75],
			"faces": {
				"north": {"uv": [7.5, 7.5, 9.25, 7.8125], "texture": "#0"},
				"east": {"uv": [4, 7.5, 5.875, 7.8125], "texture": "#0"},
				"south": {"uv": [0, 8, 1.75, 8.3125], "texture": "#0"},
				"west": {"uv": [7.5, 4, 9.375, 4.3125], "texture": "#0"},
				"up": {"uv": [4, 1.875, 2.25, 0], "texture": "#0"},
				"down": {"uv": [4, 2, 2.25, 3.875], "texture": "#0"}
			}
		}
	],
	"display": {
		"thirdperson_righthand": {
			"translation": [0, 5, 0],
			"scale": [0.7, 0.7, 0.7]
		},
		"thirdperson_lefthand": {
			"translation": [0, 5, 0],
			"scale": [0.7, 0.7, 0.7]
		},
		"firstperson_righthand": {
			"rotation": [-2, 164, 0],
			"translation": [-1.25, 8, 0],
			"scale": [0.72, 0.72, 0.72]
		},
		"firstperson_lefthand": {
			"rotation": [-2, 164, 0],
			"translation": [-1.25, 8, 0],
			"scale": [0.72, 0.72, 0.72]
		},
		"ground": {
			"translation": [0, 3.75, 0]
		},
		"gui": {
			"rotation": [17, 167, 0],
			"translation": [0, 8.5, 0],
			"scale": [1.63, 1.63, 1.63]
		},
		"head": {
			"translation": [0, 13.25, 0],
			"scale": [2.36, 2.36, 2.36]
		},
		"fixed": {
			"translation": [0, 5.25, 0]
		}
	}
}