{
	"credit": "Made with Blockbench",
	"textures": {
		"0": "item/leave_button"
	},
	"elements": [
		{
			"from": [-1, 7, 6],
			"to": [0, 11, 10],
			"faces": {
				"north": {"uv": [4, 0, 5, 4], "texture": "#0"},
				"east": {"uv": [0, 0, 4, 4], "texture": "#0"},
				"south": {"uv": [4, 4, 5, 8], "texture": "#0"},
				"west": {"uv": [0, 4, 4, 8], "texture": "#0"},
				"up": {"uv": [6, 4, 5, 0], "texture": "#0"},
				"down": {"uv": [6, 4, 5, 8], "texture": "#0"}
			}
		},
		{
			"from": [-1, 11, 10],
			"to": [0, 13, 12],
			"faces": {
				"north": {"uv": [4, 8, 5, 10], "texture": "#0"},
				"east": {"uv": [6, 0, 8, 2], "texture": "#0"},
				"south": {"uv": [8, 4, 9, 6], "texture": "#0"},
				"west": {"uv": [6, 2, 8, 4], "texture": "#0"},
				"up": {"uv": [6, 10, 5, 8], "texture": "#0"},
				"down": {"uv": [7, 8, 6, 10], "texture": "#0"}
			}
		},
		{
			"from": [-1, 5, 10],
			"to": [0, 7, 12],
			"faces": {
				"north": {"uv": [8, 6, 9, 8], "texture": "#0"},
				"east": {"uv": [6, 4, 8, 6], "texture": "#0"},
				"south": {"uv": [7, 8, 8, 10], "texture": "#0"},
				"west": {"uv": [6, 6, 8, 8], "texture": "#0"},
				"up": {"uv": [9, 10, 8, 8], "texture": "#0"},
				"down": {"uv": [10, 4, 9, 6], "texture": "#0"}
			}
		},
		{
			"from": [-1, 5, 4],
			"to": [0, 7, 6],
			"faces": {
				"north": {"uv": [9, 6, 10, 8], "texture": "#0"},
				"east": {"uv": [0, 8, 2, 10], "texture": "#0"},
				"south": {"uv": [9, 8, 10, 10], "texture": "#0"},
				"west": {"uv": [8, 0, 10, 2], "texture": "#0"},
				"up": {"uv": [1, 12, 0, 10], "texture": "#0"},
				"down": {"uv": [11, 0, 10, 2], "texture": "#0"}
			}
		},
		{
			"from": [-1, 11, 4],
			"to": [0, 13, 6],
			"faces": {
				"north": {"uv": [1, 10, 2, 12], "texture": "#0"},
				"east": {"uv": [2, 8, 4, 10], "texture": "#0"},
				"south": {"uv": [2, 10, 3, 12], "texture": "#0"},
				"west": {"uv": [8, 2, 10, 4], "texture": "#0"},
				"up": {"uv": [11, 4, 10, 2], "texture": "#0"},
				"down": {"uv": [4, 10, 3, 12], "texture": "#0"}
			}
		},
		{
			"from": [-1, 6, 6],
			"to": [0, 7, 7],
			"faces": {
				"north": {"uv": [0, 12, 1, 13], "texture": "#0"},
				"east": {"uv": [12, 0, 13, 1], "texture": "#0"},
				"south": {"uv": [1, 12, 2, 13], "texture": "#0"},
				"west": {"uv": [12, 1, 13, 2], "texture": "#0"},
				"up": {"uv": [3, 13, 2, 12], "texture": "#0"},
				"down": {"uv": [13, 2, 12, 3], "texture": "#0"}
			}
		},
		{
			"from": [-1, 6, 9],
			"to": [0, 7, 10],
			"faces": {
				"north": {"uv": [9, 12, 10, 13], "texture": "#0"},
				"east": {"uv": [12, 9, 13, 10], "texture": "#0"},
				"south": {"uv": [10, 12, 11, 13], "texture": "#0"},
				"west": {"uv": [12, 10, 13, 11], "texture": "#0"},
				"up": {"uv": [12, 13, 11, 12], "texture": "#0"},
				"down": {"uv": [13, 11, 12, 12], "texture": "#0"}
			}
		},
		{
			"from": [-1, 7, 10],
			"to": [0, 8, 11],
			"faces": {
				"north": {"uv": [12, 12, 13, 13], "texture": "#0"},
				"east": {"uv": [0, 13, 1, 14], "texture": "#0"},
				"south": {"uv": [13, 0, 14, 1], "texture": "#0"},
				"west": {"uv": [1, 13, 2, 14], "texture": "#0"},
				"up": {"uv": [14, 2, 13, 1], "texture": "#0"},
				"down": {"uv": [3, 13, 2, 14], "texture": "#0"}
			}
		},
		{
			"from": [-1, 10, 10],
			"to": [0, 11, 11],
			"faces": {
				"north": {"uv": [13, 2, 14, 3], "texture": "#0"},
				"east": {"uv": [3, 13, 4, 14], "texture": "#0"},
				"south": {"uv": [13, 3, 14, 4], "texture": "#0"},
				"west": {"uv": [4, 13, 5, 14], "texture": "#0"},
				"up": {"uv": [14, 5, 13, 4], "texture": "#0"},
				"down": {"uv": [6, 13, 5, 14], "texture": "#0"}
			}
		},
		{
			"from": [-1, 10, 5],
			"to": [0, 11, 6],
			"faces": {
				"north": {"uv": [13, 5, 14, 6], "texture": "#0"},
				"east": {"uv": [6, 13, 7, 14], "texture": "#0"},
				"south": {"uv": [13, 6, 14, 7], "texture": "#0"},
				"west": {"uv": [7, 13, 8, 14], "texture": "#0"},
				"up": {"uv": [14, 8, 13, 7], "texture": "#0"},
				"down": {"uv": [9, 13, 8, 14], "texture": "#0"}
			}
		},
		{
			"from": [-1, 7, 5],
			"to": [0, 8, 6],
			"faces": {
				"north": {"uv": [13, 8, 14, 9], "texture": "#0"},
				"east": {"uv": [9, 13, 10, 14], "texture": "#0"},
				"south": {"uv": [13, 9, 14, 10], "texture": "#0"},
				"west": {"uv": [10, 13, 11, 14], "texture": "#0"},
				"up": {"uv": [14, 11, 13, 10], "texture": "#0"},
				"down": {"uv": [12, 13, 11, 14], "texture": "#0"}
			}
		},
		{
			"from": [-1, 4, 4],
			"to": [0, 5, 5],
			"faces": {
				"north": {"uv": [13, 11, 14, 12], "texture": "#0"},
				"east": {"uv": [12, 13, 13, 14], "texture": "#0"},
				"south": {"uv": [13, 12, 14, 13], "texture": "#0"},
				"west": {"uv": [13, 13, 14, 14], "texture": "#0"},
				"up": {"uv": [1, 15, 0, 14], "texture": "#0"},
				"down": {"uv": [15, 0, 14, 1], "texture": "#0"}
			}
		},
		{
			"from": [-1, 4, 11],
			"to": [0, 5, 12],
			"faces": {
				"north": {"uv": [1, 14, 2, 15], "texture": "#0"},
				"east": {"uv": [14, 1, 15, 2], "texture": "#0"},
				"south": {"uv": [2, 14, 3, 15], "texture": "#0"},
				"west": {"uv": [14, 2, 15, 3], "texture": "#0"},
				"up": {"uv": [4, 15, 3, 14], "texture": "#0"},
				"down": {"uv": [15, 3, 14, 4], "texture": "#0"}
			}
		},
		{
			"from": [-1, 13, 11],
			"to": [0, 14, 12],
			"faces": {
				"north": {"uv": [4, 14, 5, 15], "texture": "#0"},
				"east": {"uv": [14, 4, 15, 5], "texture": "#0"},
				"south": {"uv": [5, 14, 6, 15], "texture": "#0"},
				"west": {"uv": [14, 5, 15, 6], "texture": "#0"},
				"up": {"uv": [7, 15, 6, 14], "texture": "#0"},
				"down": {"uv": [15, 6, 14, 7], "texture": "#0"}
			}
		},
		{
			"from": [-1, 13, 4],
			"to": [0, 14, 5],
			"faces": {
				"north": {"uv": [7, 14, 8, 15], "texture": "#0"},
				"east": {"uv": [14, 7, 15, 8], "texture": "#0"},
				"south": {"uv": [8, 14, 9, 15], "texture": "#0"},
				"west": {"uv": [14, 8, 15, 9], "texture": "#0"},
				"up": {"uv": [10, 15, 9, 14], "texture": "#0"},
				"down": {"uv": [15, 9, 14, 10], "texture": "#0"}
			}
		},
		{
			"from": [-1, 12, 3],
			"to": [0, 14, 4],
			"faces": {
				"north": {"uv": [4, 10, 5, 12], "texture": "#0"},
				"east": {"uv": [10, 4, 11, 6], "texture": "#0"},
				"south": {"uv": [5, 10, 6, 12], "texture": "#0"},
				"west": {"uv": [6, 10, 7, 12], "texture": "#0"},
				"up": {"uv": [11, 15, 10, 14], "texture": "#0"},
				"down": {"uv": [15, 10, 14, 11], "texture": "#0"}
			}
		},
		{
			"from": [-1, 12, 12],
			"to": [0, 14, 13],
			"faces": {
				"north": {"uv": [10, 6, 11, 8], "texture": "#0"},
				"east": {"uv": [7, 10, 8, 12], "texture": "#0"},
				"south": {"uv": [8, 10, 9, 12], "texture": "#0"},
				"west": {"uv": [10, 8, 11, 10], "texture": "#0"},
				"up": {"uv": [12, 15, 11, 14], "texture": "#0"},
				"down": {"uv": [15, 11, 14, 12], "texture": "#0"}
			}
		},
		{
			"from": [-1, 4, 12],
			"to": [0, 6, 13],
			"faces": {
				"north": {"uv": [9, 10, 10, 12], "texture": "#0"},
				"east": {"uv": [10, 10, 11, 12], "texture": "#0"},
				"south": {"uv": [11, 0, 12, 2], "texture": "#0"},
				"west": {"uv": [11, 2, 12, 4], "texture": "#0"},
				"up": {"uv": [13, 15, 12, 14], "texture": "#0"},
				"down": {"uv": [15, 12, 14, 13], "texture": "#0"}
			}
		},
		{
			"from": [-1, 4, 3],
			"to": [0, 6, 4],
			"faces": {
				"north": {"uv": [11, 4, 12, 6], "texture": "#0"},
				"east": {"uv": [11, 6, 12, 8], "texture": "#0"},
				"south": {"uv": [11, 8, 12, 10], "texture": "#0"},
				"west": {"uv": [11, 10, 12, 12], "texture": "#0"},
				"up": {"uv": [14, 15, 13, 14], "texture": "#0"},
				"down": {"uv": [15, 13, 14, 14], "texture": "#0"}
			}
		},
		{
			"from": [-1, 11, 6],
			"to": [0, 12, 7],
			"faces": {
				"north": {"uv": [3, 12, 4, 13], "texture": "#0"},
				"east": {"uv": [12, 3, 13, 4], "texture": "#0"},
				"south": {"uv": [4, 12, 5, 13], "texture": "#0"},
				"west": {"uv": [12, 4, 13, 5], "texture": "#0"},
				"up": {"uv": [6, 13, 5, 12], "texture": "#0"},
				"down": {"uv": [13, 5, 12, 6], "texture": "#0"}
			}
		},
		{
			"from": [-1, 11, 9],
			"to": [0, 12, 10],
			"faces": {
				"north": {"uv": [6, 12, 7, 13], "texture": "#0"},
				"east": {"uv": [12, 6, 13, 7], "texture": "#0"},
				"south": {"uv": [7, 12, 8, 13], "texture": "#0"},
				"west": {"uv": [12, 7, 13, 8], "texture": "#0"},
				"up": {"uv": [9, 13, 8, 12], "texture": "#0"},
				"down": {"uv": [13, 8, 12, 9], "texture": "#0"}
			}
		}
	],
	"display": {
		"thirdperson_righthand": {
			"rotation": [50, -90, 0],
			"translation": [0, -3.5, 2],
			"scale": [0.5, 0.5, 0.5]
		},
		"thirdperson_lefthand": {
			"rotation": [50, 90, 0],
			"translation": [0, -3.5, 2],
			"scale": [0.5, 0.5, 0.5]
		},
		"firstperson_righthand": {
			"rotation": [0, -90, 0],
			"translation": [-9, 4.25, 0],
			"scale": [0.26, 0.26, 0.26]
		},
		"firstperson_lefthand": {
			"rotation": [0, 90, 0],
			"translation": [-9, 4.25, 0],
			"scale": [0.26, 0.26, 0.26]
		},
		"gui": {
			"rotation": [0, -90, 0],
			"translation": [0, -1.5, 0],
			"scale": [1.43, 1.43, 1.43]
		},
		"head": {
			"rotation": [0, -76, 0],
			"translation": [-2.5, 4.5, -4.5],
			"scale": [0.38, 0.38, 0.38]
		}
	}
}