{
	"credit": "Made with Blockbench",
	"texture_size": [32, 32],
	"textures": {
		"0": "item/page_1_button",
		"particle": "item/page_1_button"
	},
	"elements": [
		{
			"from": [-1, 6, 3],
			"to": [0, 8, 5],
			"faces": {
				"north": {"uv": [1, 5.5, 1.5, 6.5], "texture": "#0"},
				"east": {"uv": [0, 5.5, 1, 6.5], "texture": "#0"},
				"south": {"uv": [5.5, 1, 6, 2], "texture": "#0"},
				"west": {"uv": [5.5, 0, 6.5, 1], "texture": "#0"},
				"up": {"uv": [2, 6.5, 1.5, 5.5], "texture": "#0"},
				"down": {"uv": [6, 2, 5.5, 3], "texture": "#0"}
			}
		},
		{
			"from": [-1, 4.5, 5],
			"to": [0, 9.5, 7],
			"faces": {
				"north": {"uv": [5, 2.5, 5.5, 5], "texture": "#0"},
				"east": {"uv": [2.5, 4, 3.5, 6.5], "texture": "#0"},
				"south": {"uv": [5, 5, 5.5, 7.5], "texture": "#0"},
				"west": {"uv": [4.5, 0, 5.5, 2.5], "texture": "#0"},
				"up": {"uv": [6, 4, 5.5, 3], "texture": "#0"},
				"down": {"uv": [4.5, 5.5, 4, 6.5], "texture": "#0"}
			}
		},
		{
			"from": [-1, 3, 7],
			"to": [0, 11, 9],
			"faces": {
				"north": {"uv": [3.5, 4, 4, 8], "texture": "#0"},
				"east": {"uv": [2, 0, 3, 4], "texture": "#0"},
				"south": {"uv": [4.5, 2.5, 5, 6.5], "texture": "#0"},
				"west": {"uv": [3, 0, 4, 4], "texture": "#0"},
				"up": {"uv": [6, 5, 5.5, 4], "texture": "#0"},
				"down": {"uv": [6, 5, 5.5, 6], "texture": "#0"}
			}
		},
		{
			"from": [-1, 1.5, 9],
			"to": [0, 12.5, 11],
			"faces": {
				"north": {"uv": [4, 0, 4.5, 5.5], "texture": "#0"},
				"east": {"uv": [0, 0, 1, 5.5], "texture": "#0"},
				"south": {"uv": [2, 4, 2.5, 9.5], "texture": "#0"},
				"west": {"uv": [1, 0, 2, 5.5], "texture": "#0"},
				"up": {"uv": [6.5, 2, 6, 1], "texture": "#0"},
				"down": {"uv": [6.5, 2, 6, 3], "texture": "#0"}
			}
		}
	],
	"display": {
		"thirdperson_righthand": {
			"rotation": [0, 90, 0],
			"translation": [0, 0, -4.75],
			"scale": [0.54, 0.54, 0.54]
		},
		"thirdperson_lefthand": {
			"rotation": [0, 90, 0],
			"translation": [0, 0, 4.25],
			"scale": [0.54, 0.54, 0.54]
		},
		"firstperson_righthand": {
			"rotation": [0, 90, 0],
			"translation": [-9, 5, 0],
			"scale": [0.32, 0.32, 0.32]
		},
		"firstperson_lefthand": {
			"rotation": [0, -90, 0],
			"translation": [-9, 5, 0],
			"scale": [0.32, 0.32, 0.32]
		},
		"gui": {
			"rotation": [0, 90, 0],
			"translation": [0, 1, 0],
			"scale": [1.06, 1.06, 1.06]
		}
	}
}