{
	"credit": "Made with Blockbench",
	"textures": {
		"0": "item/play_button",
		"particle": "item/play_button"
	},
	"elements": [
		{
			"from": [-1, 7, 2],
			"to": [0, 10, 3],
			"faces": {
				"north": {"uv": [3, 12, 4, 15], "texture": "#0"},
				"east": {"uv": [4, 12, 5, 15], "texture": "#0"},
				"south": {"uv": [12, 4, 13, 7], "texture": "#0"},
				"west": {"uv": [5, 12, 6, 15], "texture": "#0"},
				"up": {"uv": [10, 13, 9, 12], "texture": "#0"},
				"down": {"uv": [11, 12, 10, 13], "texture": "#0"}
			}
		},
		{
			"from": [-1, 6, 3],
			"to": [0, 10, 4],
			"faces": {
				"north": {"uv": [0, 0, 1, 4], "texture": "#0"},
				"east": {"uv": [1, 0, 2, 4], "texture": "#0"},
				"south": {"uv": [2, 0, 3, 4], "texture": "#0"},
				"west": {"uv": [3, 0, 4, 4], "texture": "#0"},
				"up": {"uv": [13, 11, 12, 10], "texture": "#0"},
				"down": {"uv": [12, 12, 11, 13], "texture": "#0"}
			}
		},
		{
			"from": [-1, 5, 4],
			"to": [0, 9, 5],
			"faces": {
				"north": {"uv": [0, 4, 1, 8], "texture": "#0"},
				"east": {"uv": [4, 0, 5, 4], "texture": "#0"},
				"south": {"uv": [1, 4, 2, 8], "texture": "#0"},
				"west": {"uv": [2, 4, 3, 8], "texture": "#0"},
				"up": {"uv": [13, 12, 12, 11], "texture": "#0"},
				"down": {"uv": [13, 12, 12, 13], "texture": "#0"}
			}
		},
		{
			"from": [-1, 4, 5],
			"to": [0, 8, 6],
			"faces": {
				"north": {"uv": [3, 4, 4, 8], "texture": "#0"},
				"east": {"uv": [4, 4, 5, 8], "texture": "#0"},
				"south": {"uv": [5, 0, 6, 4], "texture": "#0"},
				"west": {"uv": [5, 4, 6, 8], "texture": "#0"},
				"up": {"uv": [14, 1, 13, 0], "texture": "#0"},
				"down": {"uv": [14, 1, 13, 2], "texture": "#0"}
			}
		},
		{
			"from": [-1, 3, 6],
			"to": [0, 7, 7],
			"faces": {
				"north": {"uv": [6, 0, 7, 4], "texture": "#0"},
				"east": {"uv": [6, 4, 7, 8], "texture": "#0"},
				"south": {"uv": [7, 0, 8, 4], "texture": "#0"},
				"west": {"uv": [7, 4, 8, 8], "texture": "#0"},
				"up": {"uv": [14, 3, 13, 2], "texture": "#0"},
				"down": {"uv": [14, 3, 13, 4], "texture": "#0"}
			}
		},
		{
			"from": [-1, 4, 7],
			"to": [0, 8, 8],
			"faces": {
				"north": {"uv": [0, 8, 1, 12], "texture": "#0"},
				"east": {"uv": [8, 0, 9, 4], "texture": "#0"},
				"south": {"uv": [1, 8, 2, 12], "texture": "#0"},
				"west": {"uv": [2, 8, 3, 12], "texture": "#0"},
				"up": {"uv": [14, 5, 13, 4], "texture": "#0"},
				"down": {"uv": [14, 5, 13, 6], "texture": "#0"}
			}
		},
		{
			"from": [-1, 5, 8],
			"to": [0, 9, 9],
			"faces": {
				"north": {"uv": [3, 8, 4, 12], "texture": "#0"},
				"east": {"uv": [4, 8, 5, 12], "texture": "#0"},
				"south": {"uv": [8, 4, 9, 8], "texture": "#0"},
				"west": {"uv": [5, 8, 6, 12], "texture": "#0"},
				"up": {"uv": [14, 7, 13, 6], "texture": "#0"},
				"down": {"uv": [14, 7, 13, 8], "texture": "#0"}
			}
		},
		{
			"from": [-1, 6, 9],
			"to": [0, 10, 10],
			"faces": {
				"north": {"uv": [6, 8, 7, 12], "texture": "#0"},
				"east": {"uv": [7, 8, 8, 12], "texture": "#0"},
				"south": {"uv": [8, 8, 9, 12], "texture": "#0"},
				"west": {"uv": [9, 0, 10, 4], "texture": "#0"},
				"up": {"uv": [14, 9, 13, 8], "texture": "#0"},
				"down": {"uv": [10, 13, 9, 14], "texture": "#0"}
			}
		},
		{
			"from": [-1, 7, 10],
			"to": [0, 11, 11],
			"faces": {
				"north": {"uv": [9, 4, 10, 8], "texture": "#0"},
				"east": {"uv": [9, 8, 10, 12], "texture": "#0"},
				"south": {"uv": [10, 0, 11, 4], "texture": "#0"},
				"west": {"uv": [10, 4, 11, 8], "texture": "#0"},
				"up": {"uv": [14, 10, 13, 9], "texture": "#0"},
				"down": {"uv": [11, 13, 10, 14], "texture": "#0"}
			}
		},
		{
			"from": [-1, 8, 11],
			"to": [0, 12, 12],
			"faces": {
				"north": {"uv": [10, 8, 11, 12], "texture": "#0"},
				"east": {"uv": [11, 0, 12, 4], "texture": "#0"},
				"south": {"uv": [11, 4, 12, 8], "texture": "#0"},
				"west": {"uv": [11, 8, 12, 12], "texture": "#0"},
				"up": {"uv": [14, 11, 13, 10], "texture": "#0"},
				"down": {"uv": [12, 13, 11, 14], "texture": "#0"}
			}
		},
		{
			"from": [-1, 9, 12],
			"to": [0, 13, 13],
			"faces": {
				"north": {"uv": [0, 12, 1, 16], "texture": "#0"},
				"east": {"uv": [12, 0, 13, 4], "texture": "#0"},
				"south": {"uv": [1, 12, 2, 16], "texture": "#0"},
				"west": {"uv": [2, 12, 3, 16], "texture": "#0"},
				"up": {"uv": [14, 12, 13, 11], "texture": "#0"},
				"down": {"uv": [13, 13, 12, 14], "texture": "#0"}
			}
		},
		{
			"from": [-1, 10, 13],
			"to": [0, 13, 14],
			"faces": {
				"north": {"uv": [6, 12, 7, 15], "texture": "#0"},
				"east": {"uv": [7, 12, 8, 15], "texture": "#0"},
				"south": {"uv": [12, 7, 13, 10], "texture": "#0"},
				"west": {"uv": [8, 12, 9, 15], "texture": "#0"},
				"up": {"uv": [14, 13, 13, 12], "texture": "#0"},
				"down": {"uv": [14, 13, 13, 14], "texture": "#0"}
			}
		}
	],
	"display": {
		"thirdperson_righthand": {
			"rotation": [42, -90, 0],
			"translation": [0, -2.5, 3],
			"scale": [0.46, 0.46, 0.46]
		},
		"thirdperson_lefthand": {
			"rotation": [42, 89, 0],
			"translation": [0, -2.5, 3],
			"scale": [0.46, 0.46, 0.46]
		},
		"firstperson_righthand": {
			"rotation": [0, 90, 0],
			"translation": [-9, 5.25, 0],
			"scale": [0.26, 0.26, 0.26]
		},
		"firstperson_lefthand": {
			"rotation": [0, -90.5, 0],
			"translation": [-9, 5.25, 0],
			"scale": [0.26, 0.26, 0.26]
		},
		"gui": {
			"rotation": [0, 90, 0],
			"scale": [1.29, 1.29, 1.29]
		}
	}
}