{
	"credit": "Made with Blockbench",
	"texture_size": [32, 32],
	"textures": {
		"0": "item/settings_button",
		"particle": "item/settings_button"
	},
	"elements": [
		{
			"from": [-1, 3, 6],
			"to": [0, 5, 10],
			"faces": {
				"north": {"uv": [4.5, 5, 5, 6], "texture": "#0"},
				"east": {"uv": [0, 2, 2, 3], "texture": "#0"},
				"south": {"uv": [5, 5, 5.5, 6], "texture": "#0"},
				"west": {"uv": [2, 0, 4, 1], "texture": "#0"},
				"up": {"uv": [3.5, 5, 3, 3], "texture": "#0"},
				"down": {"uv": [4, 3, 3.5, 5], "texture": "#0"}
			}
		},
		{
			"from": [-1, 11, 6],
			"to": [0, 13, 10],
			"faces": {
				"north": {"uv": [5.5, 2, 6, 3], "texture": "#0"},
				"east": {"uv": [2, 1, 4, 2], "texture": "#0"},
				"south": {"uv": [5.5, 3, 6, 4], "texture": "#0"},
				"west": {"uv": [2, 2, 4, 3], "texture": "#0"},
				"up": {"uv": [4.5, 2, 4, 0], "texture": "#0"},
				"down": {"uv": [4.5, 2, 4, 4], "texture": "#0"}
			}
		},
		{
			"from": [-1, 6, 3],
			"to": [0, 10, 5],
			"faces": {
				"north": {"uv": [4, 4, 4.5, 6], "texture": "#0"},
				"east": {"uv": [0, 3, 1, 5], "texture": "#0"},
				"south": {"uv": [4.5, 0, 5, 2], "texture": "#0"},
				"west": {"uv": [1, 3, 2, 5], "texture": "#0"},
				"up": {"uv": [6, 5, 5.5, 4], "texture": "#0"},
				"down": {"uv": [6, 5, 5.5, 6], "texture": "#0"}
			}
		},
		{
			"from": [-1, 6, 11],
			"to": [0, 10, 13],
			"faces": {
				"north": {"uv": [2, 3, 2.5, 5], "texture": "#0"},
				"east": {"uv": [0, 0, 1, 2], "texture": "#0"},
				"south": {"uv": [2.5, 3, 3, 5], "texture": "#0"},
				"west": {"uv": [1, 0, 2, 2], "texture": "#0"},
				"up": {"uv": [3.5, 6, 3, 5], "texture": "#0"},
				"down": {"uv": [4, 5, 3.5, 6], "texture": "#0"}
			}
		},
		{
			"from": [-1, 10, 10],
			"to": [0, 12, 12],
			"faces": {
				"north": {"uv": [0, 6, 0.5, 7], "texture": "#0"},
				"east": {"uv": [4.5, 2, 5.5, 3], "texture": "#0"},
				"south": {"uv": [6, 0, 6.5, 1], "texture": "#0"},
				"west": {"uv": [4.5, 3, 5.5, 4], "texture": "#0"},
				"up": {"uv": [1, 7, 0.5, 6], "texture": "#0"},
				"down": {"uv": [1.5, 6, 1, 7], "texture": "#0"}
			}
		},
		{
			"from": [-1, 10, 4],
			"to": [0, 12, 6],
			"faces": {
				"north": {"uv": [6, 1, 6.5, 2], "texture": "#0"},
				"east": {"uv": [4.5, 4, 5.5, 5], "texture": "#0"},
				"south": {"uv": [1.5, 6, 2, 7], "texture": "#0"},
				"west": {"uv": [0, 5, 1, 6], "texture": "#0"},
				"up": {"uv": [2.5, 7, 2, 6], "texture": "#0"},
				"down": {"uv": [6.5, 2, 6, 3], "texture": "#0"}
			}
		},
		{
			"from": [-1, 4, 4],
			"to": [0, 6, 6],
			"faces": {
				"north": {"uv": [2.5, 6, 3, 7], "texture": "#0"},
				"east": {"uv": [5, 0, 6, 1], "texture": "#0"},
				"south": {"uv": [3, 6, 3.5, 7], "texture": "#0"},
				"west": {"uv": [1, 5, 2, 6], "texture": "#0"},
				"up": {"uv": [6.5, 4, 6, 3], "texture": "#0"},
				"down": {"uv": [4, 6, 3.5, 7], "texture": "#0"}
			}
		},
		{
			"from": [-1, 4, 10],
			"to": [0, 6, 12],
			"faces": {
				"north": {"uv": [4, 6, 4.5, 7], "texture": "#0"},
				"east": {"uv": [5, 1, 6, 2], "texture": "#0"},
				"south": {"uv": [6, 4, 6.5, 5], "texture": "#0"},
				"west": {"uv": [2, 5, 3, 6], "texture": "#0"},
				"up": {"uv": [5, 7, 4.5, 6], "texture": "#0"},
				"down": {"uv": [5.5, 6, 5, 7], "texture": "#0"}
			}
		},
		{
			"from": [-1, 7, 13],
			"to": [0, 9, 14],
			"faces": {
				"north": {"uv": [6, 5, 6.5, 6], "texture": "#0"},
				"east": {"uv": [5.5, 6, 6, 7], "texture": "#0"},
				"south": {"uv": [6, 6, 6.5, 7], "texture": "#0"},
				"west": {"uv": [6.5, 0, 7, 1], "texture": "#0"},
				"up": {"uv": [8, 1.5, 7.5, 1], "texture": "#0"},
				"down": {"uv": [8, 1.5, 7.5, 2], "texture": "#0"}
			}
		},
		{
			"from": [-1, 7, 2],
			"to": [0, 9, 3],
			"faces": {
				"north": {"uv": [7, 5, 7.5, 6], "texture": "#0"},
				"east": {"uv": [5.5, 7, 6, 8], "texture": "#0"},
				"south": {"uv": [6, 7, 6.5, 8], "texture": "#0"},
				"west": {"uv": [7, 6, 7.5, 7], "texture": "#0"},
				"up": {"uv": [5.5, 8.5, 5, 8], "texture": "#0"},
				"down": {"uv": [8.5, 5, 8, 5.5], "texture": "#0"}
			}
		},
		{
			"from": [-1, 2, 7],
			"to": [0, 3, 9],
			"faces": {
				"north": {"uv": [2, 7.5, 2.5, 8], "texture": "#0"},
				"east": {"uv": [6.5, 1, 7.5, 1.5], "texture": "#0"},
				"south": {"uv": [7.5, 2, 8, 2.5], "texture": "#0"},
				"west": {"uv": [6.5, 1.5, 7.5, 2], "texture": "#0"},
				"up": {"uv": [7, 3, 6.5, 2], "texture": "#0"},
				"down": {"uv": [7, 3, 6.5, 4], "texture": "#0"}
			}
		},
		{
			"from": [-1, 13, 7],
			"to": [0, 14, 9],
			"faces": {
				"north": {"uv": [5.5, 8, 6, 8.5], "texture": "#0"},
				"east": {"uv": [7, 3.5, 8, 4], "texture": "#0"},
				"south": {"uv": [8, 5.5, 8.5, 6], "texture": "#0"},
				"west": {"uv": [6.5, 7, 7.5, 7.5], "texture": "#0"},
				"up": {"uv": [0.5, 8.5, 0, 7.5], "texture": "#0"},
				"down": {"uv": [1, 7.5, 0.5, 8.5], "texture": "#0"}
			}
		},
		{
			"from": [-1, 4, 12],
			"to": [0, 5, 13],
			"faces": {
				"north": {"uv": [2.5, 7.5, 3, 8], "texture": "#0"},
				"east": {"uv": [7.5, 2.5, 8, 3], "texture": "#0"},
				"south": {"uv": [3.5, 7.5, 4, 8], "texture": "#0"},
				"west": {"uv": [4, 7.5, 4.5, 8], "texture": "#0"},
				"up": {"uv": [8, 4.5, 7.5, 4], "texture": "#0"},
				"down": {"uv": [8, 4.5, 7.5, 5], "texture": "#0"}
			}
		},
		{
			"from": [-1, 11, 12],
			"to": [0, 12, 13],
			"faces": {
				"north": {"uv": [2, 8, 2.5, 8.5], "texture": "#0"},
				"east": {"uv": [8, 2, 8.5, 2.5], "texture": "#0"},
				"south": {"uv": [2.5, 8, 3, 8.5], "texture": "#0"},
				"west": {"uv": [8, 2.5, 8.5, 3], "texture": "#0"},
				"up": {"uv": [3.5, 8.5, 3, 8], "texture": "#0"},
				"down": {"uv": [8.5, 3, 8, 3.5], "texture": "#0"}
			}
		},
		{
			"from": [-1, 11, 3],
			"to": [0, 12, 4],
			"faces": {
				"north": {"uv": [3.5, 8, 4, 8.5], "texture": "#0"},
				"east": {"uv": [8, 3.5, 8.5, 4], "texture": "#0"},
				"south": {"uv": [4, 8, 4.5, 8.5], "texture": "#0"},
				"west": {"uv": [8, 4, 8.5, 4.5], "texture": "#0"},
				"up": {"uv": [5, 8.5, 4.5, 8], "texture": "#0"},
				"down": {"uv": [8.5, 4.5, 8, 5], "texture": "#0"}
			}
		},
		{
			"from": [-1, 4, 3],
			"to": [0, 5, 4],
			"faces": {
				"north": {"uv": [7.5, 6.5, 8, 7], "texture": "#0"},
				"east": {"uv": [7, 7.5, 7.5, 8], "texture": "#0"},
				"south": {"uv": [7.5, 7, 8, 7.5], "texture": "#0"},
				"west": {"uv": [7.5, 7.5, 8, 8], "texture": "#0"},
				"up": {"uv": [8.5, 0.5, 8, 0], "texture": "#0"},
				"down": {"uv": [8.5, 0.5, 8, 1], "texture": "#0"}
			}
		},
		{
			"from": [-1, 3, 11],
			"to": [0, 4, 13],
			"faces": {
				"north": {"uv": [7.5, 5, 8, 5.5], "texture": "#0"},
				"east": {"uv": [6.5, 4, 7.5, 4.5], "texture": "#0"},
				"south": {"uv": [7.5, 5.5, 8, 6], "texture": "#0"},
				"west": {"uv": [6.5, 4.5, 7.5, 5], "texture": "#0"},
				"up": {"uv": [7, 6, 6.5, 5], "texture": "#0"},
				"down": {"uv": [7, 6, 6.5, 7], "texture": "#0"}
			}
		},
		{
			"from": [-1, 12, 11],
			"to": [0, 13, 13],
			"faces": {
				"north": {"uv": [1, 8, 1.5, 8.5], "texture": "#0"},
				"east": {"uv": [7, 0.5, 8, 1], "texture": "#0"},
				"south": {"uv": [8, 1, 8.5, 1.5], "texture": "#0"},
				"west": {"uv": [2, 7, 3, 7.5], "texture": "#0"},
				"up": {"uv": [7.5, 3, 7, 2], "texture": "#0"},
				"down": {"uv": [3.5, 7, 3, 8], "texture": "#0"}
			}
		},
		{
			"from": [-1, 12, 3],
			"to": [0, 13, 5],
			"faces": {
				"north": {"uv": [1.5, 8, 2, 8.5], "texture": "#0"},
				"east": {"uv": [7, 3, 8, 3.5], "texture": "#0"},
				"south": {"uv": [8, 1.5, 8.5, 2], "texture": "#0"},
				"west": {"uv": [3.5, 7, 4.5, 7.5], "texture": "#0"},
				"up": {"uv": [5, 8, 4.5, 7], "texture": "#0"},
				"down": {"uv": [5.5, 7, 5, 8], "texture": "#0"}
			}
		},
		{
			"from": [-1, 3, 3],
			"to": [0, 4, 5],
			"faces": {
				"north": {"uv": [7.5, 6, 8, 6.5], "texture": "#0"},
				"east": {"uv": [0, 7, 1, 7.5], "texture": "#0"},
				"south": {"uv": [6.5, 7.5, 7, 8], "texture": "#0"},
				"west": {"uv": [7, 0, 8, 0.5], "texture": "#0"},
				"up": {"uv": [1.5, 8, 1, 7], "texture": "#0"},
				"down": {"uv": [2, 7, 1.5, 8], "texture": "#0"}
			}
		}
	],
	"display": {
		"thirdperson_righthand": {
			"rotation": [0, -91, 0],
			"translation": [0, 1, 3.5],
			"scale": [0.42, 0.42, 0.42]
		},
		"thirdperson_lefthand": {
			"rotation": [0, -91, 0],
			"translation": [0, -0.25, -3.75],
			"scale": [0.42, 0.42, 0.42]
		},
		"firstperson_righthand": {
			"rotation": [0, -90, 0],
			"translation": [-9, 4, 0],
			"scale": [0.22, 0.22, 0.22]
		},
		"firstperson_lefthand": {
			"rotation": [0, 90, 0],
			"translation": [-9, 4.75, 0],
			"scale": [0.22, 0.22, 0.22]
		},
		"gui": {
			"rotation": [0, -90.5, 0],
			"scale": [1.29, 1.29, 1.29]
		}
	}
}