{
	"credit": "Made with Blockbench",
	"texture_size": [32, 32],
	"textures": {
		"0": "item/shop_button",
		"particle": "item/shop_button"
	},
	"elements": [
		{
			"from": [-1, 14.5, 4.5],
			"to": [0, 15.5, 12],
			"faces": {
				"north": {"uv": [7.5, 5.5, 8, 6], "texture": "#0"},
				"east": {"uv": [5.5, 2, 9.5, 2.5], "texture": "#0"},
				"south": {"uv": [8, 1.5, 8.5, 2], "texture": "#0"},
				"west": {"uv": [5.5, 2.5, 9.5, 3], "texture": "#0"},
				"up": {"uv": [6, 7, 5.5, 3], "texture": "#0"},
				"down": {"uv": [0.5, 6, 0, 10], "texture": "#0"}
			}
		},
		{
			"from": [-1, 15.5, 5.5],
			"to": [0, 16, 10.5],
			"faces": {
				"north": {"uv": [7.5, 8.5, 8, 9], "texture": "#0"},
				"east": {"uv": [7, 3.5, 9.5, 4], "texture": "#0"},
				"south": {"uv": [8.5, 7.5, 9, 8], "texture": "#0"},
				"west": {"uv": [7, 4, 9.5, 4.5], "texture": "#0"},
				"up": {"uv": [6, 9.5, 5.5, 7], "texture": "#0"},
				"down": {"uv": [6.5, 7, 6, 9.5], "texture": "#0"}
			}
		},
		{
			"from": [-1, 16, 7.5],
			"to": [0, 16.5, 10],
			"faces": {
				"north": {"uv": [7, 5.5, 7.5, 6], "texture": "#0"},
				"east": {"uv": [7, 4.5, 8.5, 5], "texture": "#0"},
				"south": {"uv": [7.5, 1.5, 8, 2], "texture": "#0"},
				"west": {"uv": [7, 5, 8.5, 5.5], "texture": "#0"},
				"up": {"uv": [7, 8.5, 6.5, 7], "texture": "#0"},
				"down": {"uv": [7.5, 7, 7, 8.5], "texture": "#0"}
			}
		},
		{
			"from": [-1, 7, 12.5],
			"to": [0, 11.5, 13.5],
			"faces": {
				"north": {"uv": [3, 6.5, 3.5, 9], "texture": "#0"},
				"east": {"uv": [3.5, 6.5, 4, 9], "texture": "#0"},
				"south": {"uv": [6.5, 3.5, 7, 6], "texture": "#0"},
				"west": {"uv": [4, 6.5, 4.5, 9], "texture": "#0"},
				"up": {"uv": [8.5, 6, 8, 5.5], "texture": "#0"},
				"down": {"uv": [9, 4.5, 8.5, 5], "texture": "#0"}
			}
		},
		{
			"from": [-1, 7.5, 2.5],
			"to": [0, 10.5, 3.5],
			"faces": {
				"north": {"uv": [7.5, 0, 8, 1.5], "texture": "#0"},
				"east": {"uv": [7.5, 7, 8, 8.5], "texture": "#0"},
				"south": {"uv": [8, 0, 8.5, 1.5], "texture": "#0"},
				"west": {"uv": [8, 7, 8.5, 8.5], "texture": "#0"},
				"up": {"uv": [7, 9, 6.5, 8.5], "texture": "#0"},
				"down": {"uv": [9, 6.5, 8.5, 7], "texture": "#0"}
			}
		},
		{
			"from": [-1, 5.5, 5.5],
			"to": [0, 6.5, 11.5],
			"faces": {
				"north": {"uv": [7, 8.5, 7.5, 9], "texture": "#0"},
				"east": {"uv": [1.5, 6, 4.5, 6.5], "texture": "#0"},
				"south": {"uv": [8.5, 7, 9, 7.5], "texture": "#0"},
				"west": {"uv": [6, 3, 9, 3.5], "texture": "#0"},
				"up": {"uv": [6.5, 6.5, 6, 3.5], "texture": "#0"},
				"down": {"uv": [2, 6.5, 1.5, 9.5], "texture": "#0"}
			}
		},
		{
			"from": [-1, 12.5, 5],
			"to": [0, 14, 11],
			"faces": {
				"north": {"uv": [8.5, 0, 9, 1], "texture": "#0"},
				"east": {"uv": [4.5, 0, 7.5, 1], "texture": "#0"},
				"south": {"uv": [8.5, 1, 9, 2], "texture": "#0"},
				"west": {"uv": [4.5, 1, 7.5, 2], "texture": "#0"},
				"up": {"uv": [1, 9, 0.5, 6], "texture": "#0"},
				"down": {"uv": [1.5, 6, 1, 9], "texture": "#0"}
			}
		},
		{
			"from": [-1, 6.5, 3.5],
			"to": [0, 12.5, 12.5],
			"faces": {
				"north": {"uv": [2, 6.5, 2.5, 9.5], "texture": "#0"},
				"east": {"uv": [0, 0, 4.5, 3], "texture": "#0"},
				"south": {"uv": [2.5, 6.5, 3, 9.5], "texture": "#0"},
				"west": {"uv": [0, 3, 4.5, 6], "texture": "#0"},
				"up": {"uv": [5, 6.5, 4.5, 2], "texture": "#0"},
				"down": {"uv": [5.5, 2, 5, 6.5], "texture": "#0"}
			}
		},
		{
			"from": [-1, 14, 6],
			"to": [0, 14.5, 11],
			"faces": {
				"north": {"uv": [8.5, 5, 9, 5.5], "texture": "#0"},
				"east": {"uv": [6, 6.5, 8.5, 7], "texture": "#0"},
				"south": {"uv": [8.5, 5.5, 9, 6], "texture": "#0"},
				"west": {"uv": [6.5, 6, 9, 6.5], "texture": "#0"},
				"up": {"uv": [5, 9, 4.5, 6.5], "texture": "#0"},
				"down": {"uv": [5.5, 6.5, 5, 9], "texture": "#0"}
			}
		}
	],
	"display": {
		"thirdperson_righthand": {
			"rotation": [0, 90, 0],
			"translation": [0, 0, -4],
			"scale": [0.46, 0.46, 0.46]
		},
		"thirdperson_lefthand": {
			"rotation": [0, -90, 0],
			"translation": [0, 0, -4],
			"scale": [0.46, 0.46, 0.46]
		},
		"firstperson_righthand": {
			"rotation": [0, 90, 0],
			"translation": [-9, 2.25, -8.5],
			"scale": [0.44, 0.44, 0.44]
		},
		"firstperson_lefthand": {
			"rotation": [0, -90.5, 0],
			"translation": [-9, 2.25, -8.5],
			"scale": [0.44, 0.44, 0.44]
		},
		"gui": {
			"rotation": [0, 90, 0],
			"translation": [0, -4, 0],
			"scale": [1.19, 1.19, 1.19]
		}
	}
}