{
	"credit": "Made with Blockbench",
	"texture_size": [32, 32],
	"textures": {
		"0": "item/spec_button",
		"particle": "item/spec_button"
	},
	"elements": [
		{
			"from": [-1, 4, 3],
			"to": [0, 9, 12],
			"faces": {
				"north": {"uv": [5, 5, 5.5, 7.5], "texture": "#0"},
				"east": {"uv": [0, 0, 4.5, 2.5], "texture": "#0"},
				"south": {"uv": [5.5, 5, 6, 7.5], "texture": "#0"},
				"west": {"uv": [0, 2.5, 4.5, 5], "texture": "#0"},
				"up": {"uv": [0.5, 9.5, 0, 5], "texture": "#0"},
				"down": {"uv": [1, 5, 0.5, 9.5], "texture": "#0"}
			}
		},
		{
			"from": [-1, 6, 12],
			"to": [0, 8, 13],
			"faces": {
				"north": {"uv": [4, 7, 4.5, 8], "texture": "#0"},
				"east": {"uv": [4.5, 7, 5, 8], "texture": "#0"},
				"south": {"uv": [7, 4.5, 7.5, 5.5], "texture": "#0"},
				"west": {"uv": [7, 5.5, 7.5, 6.5], "texture": "#0"},
				"up": {"uv": [8.5, 2.5, 8, 2], "texture": "#0"},
				"down": {"uv": [8.5, 2.5, 8, 3], "texture": "#0"}
			}
		},
		{
			"from": [-1, 6, 1],
			"to": [0, 8, 2],
			"faces": {
				"north": {"uv": [7.5, 0, 8, 1], "texture": "#0"},
				"east": {"uv": [7.5, 1, 8, 2], "texture": "#0"},
				"south": {"uv": [7.5, 2, 8, 3], "texture": "#0"},
				"west": {"uv": [7.5, 3, 8, 4], "texture": "#0"},
				"up": {"uv": [8.5, 5.5, 8, 5], "texture": "#0"},
				"down": {"uv": [8.5, 5.5, 8, 6], "texture": "#0"}
			}
		},
		{
			"from": [-1, 7, 2],
			"to": [0, 8, 3],
			"faces": {
				"north": {"uv": [8, 3, 8.5, 3.5], "texture": "#0"},
				"east": {"uv": [8, 3.5, 8.5, 4], "texture": "#0"},
				"south": {"uv": [4, 8, 4.5, 8.5], "texture": "#0"},
				"west": {"uv": [8, 4, 8.5, 4.5], "texture": "#0"},
				"up": {"uv": [5, 8.5, 4.5, 8], "texture": "#0"},
				"down": {"uv": [8.5, 4.5, 8, 5], "texture": "#0"}
			}
		},
		{
			"from": [-1, 5, 13],
			"to": [0, 9, 15],
			"faces": {
				"north": {"uv": [6, 5, 6.5, 7], "texture": "#0"},
				"east": {"uv": [1, 5, 2, 7], "texture": "#0"},
				"south": {"uv": [6.5, 0, 7, 2], "texture": "#0"},
				"west": {"uv": [2, 5, 3, 7], "texture": "#0"},
				"up": {"uv": [6.5, 8, 6, 7], "texture": "#0"},
				"down": {"uv": [7.5, 6.5, 7, 7.5], "texture": "#0"}
			}
		},
		{
			"from": [-1, 9, 4],
			"to": [0, 13, 6],
			"faces": {
				"north": {"uv": [6.5, 2, 7, 4], "texture": "#0"},
				"east": {"uv": [3, 5, 4, 7], "texture": "#0"},
				"south": {"uv": [6.5, 4, 7, 6], "texture": "#0"},
				"west": {"uv": [4, 5, 5, 7], "texture": "#0"},
				"up": {"uv": [8, 5, 7.5, 4], "texture": "#0"},
				"down": {"uv": [5.5, 7.5, 5, 8.5], "texture": "#0"}
			}
		},
		{
			"from": [-1, 9, 9],
			"to": [0, 14, 12],
			"faces": {
				"north": {"uv": [6, 0, 6.5, 2.5], "texture": "#0"},
				"east": {"uv": [4.5, 0, 6, 2.5], "texture": "#0"},
				"south": {"uv": [6, 2.5, 6.5, 5], "texture": "#0"},
				"west": {"uv": [4.5, 2.5, 6, 5], "texture": "#0"},
				"up": {"uv": [7, 7.5, 6.5, 6], "texture": "#0"},
				"down": {"uv": [7.5, 0, 7, 1.5], "texture": "#0"}
			}
		},
		{
			"from": [-1, 10, 12],
			"to": [0, 13, 13],
			"faces": {
				"north": {"uv": [1, 7, 1.5, 8.5], "texture": "#0"},
				"east": {"uv": [1.5, 7, 2, 8.5], "texture": "#0"},
				"south": {"uv": [7, 1.5, 7.5, 3], "texture": "#0"},
				"west": {"uv": [2, 7, 2.5, 8.5], "texture": "#0"},
				"up": {"uv": [8, 8.5, 7.5, 8], "texture": "#0"},
				"down": {"uv": [8.5, 7.5, 8, 8], "texture": "#0"}
			}
		},
		{
			"from": [-1, 10, 8],
			"to": [0, 13, 9],
			"faces": {
				"north": {"uv": [2.5, 7, 3, 8.5], "texture": "#0"},
				"east": {"uv": [3, 7, 3.5, 8.5], "texture": "#0"},
				"south": {"uv": [7, 3, 7.5, 4.5], "texture": "#0"},
				"west": {"uv": [3.5, 7, 4, 8.5], "texture": "#0"},
				"up": {"uv": [8.5, 8.5, 8, 8], "texture": "#0"},
				"down": {"uv": [9, 0, 8.5, 0.5], "texture": "#0"}
			}
		},
		{
			"from": [-1, 10, 6],
			"to": [0, 12, 7],
			"faces": {
				"north": {"uv": [7.5, 5, 8, 6], "texture": "#0"},
				"east": {"uv": [5.5, 7.5, 6, 8.5], "texture": "#0"},
				"south": {"uv": [7.5, 6, 8, 7], "texture": "#0"},
				"west": {"uv": [6.5, 7.5, 7, 8.5], "texture": "#0"},
				"up": {"uv": [6.5, 8.5, 6, 8], "texture": "#0"},
				"down": {"uv": [8.5, 6, 8, 6.5], "texture": "#0"}
			}
		},
		{
			"from": [-1, 10, 3],
			"to": [0, 12, 4],
			"faces": {
				"north": {"uv": [7, 7.5, 7.5, 8.5], "texture": "#0"},
				"east": {"uv": [7.5, 7, 8, 8], "texture": "#0"},
				"south": {"uv": [8, 0, 8.5, 1], "texture": "#0"},
				"west": {"uv": [8, 1, 8.5, 2], "texture": "#0"},
				"up": {"uv": [8.5, 7, 8, 6.5], "texture": "#0"},
				"down": {"uv": [8.5, 7, 8, 7.5], "texture": "#0"}
			}
		}
	],
	"display": {
		"thirdperson_righthand": {
			"rotation": [0, 90, 0],
			"translation": [0, 0, -4.75],
			"scale": [0.54, 0.54, 0.54]
		},
		"thirdperson_lefthand": {
			"rotation": [0, 90, 0],
			"translation": [0, 0, 4.25],
			"scale": [0.54, 0.54, 0.54]
		},
		"firstperson_righthand": {
			"rotation": [0, 90, 0],
			"translation": [-9, 5, 0],
			"scale": [0.19, 0.19, 0.19]
		},
		"firstperson_lefthand": {
			"rotation": [0, -90.5, 0],
			"translation": [-9, 5, 0],
			"scale": [0.19, 0.19, 0.19]
		},
		"gui": {
			"rotation": [0, 90, 0],
			"translation": [0, -0.75, 0],
			"scale": [1.06, 1.06, 1.06]
		}
	}
}