{
	"credit": "Made with Blockbench",
	"texture_size": [32, 32],
	"textures": {
		"0": "item/wasd_button",
		"particle": "item/wasd_button"
	},
	"elements": [
		{
			"from": [-1, 14, 4],
			"to": [0, 16, 6],
			"faces": {
				"north": {"uv": [9, 6, 9.5, 7], "texture": "#0"},
				"east": {"uv": [8, 6, 9, 7], "texture": "#0"},
				"south": {"uv": [9, 7, 9.5, 8], "texture": "#0"},
				"west": {"uv": [8, 7, 9, 8], "texture": "#0"},
				"up": {"uv": [8.5, 10, 8, 9], "texture": "#0"},
				"down": {"uv": [9.5, 8, 9, 9], "texture": "#0"}
			}
		},
		{
			"from": [-1, 14, 10],
			"to": [0, 16, 12],
			"faces": {
				"north": {"uv": [8.5, 9, 9, 10], "texture": "#0"},
				"east": {"uv": [8, 8, 9, 9], "texture": "#0"},
				"south": {"uv": [9, 9, 9.5, 10], "texture": "#0"},
				"west": {"uv": [8.5, 0, 9.5, 1], "texture": "#0"},
				"up": {"uv": [10, 1, 9.5, 0], "texture": "#0"},
				"down": {"uv": [10, 2, 9.5, 3], "texture": "#0"}
			}
		},
		{
			"from": [-1, 14, 12],
			"to": [0, 15, 14],
			"faces": {
				"north": {"uv": [10, 2, 10.5, 2.5], "texture": "#0"},
				"east": {"uv": [9.5, 3, 10.5, 3.5], "texture": "#0"},
				"south": {"uv": [2.5, 10, 3, 10.5], "texture": "#0"},
				"west": {"uv": [9.5, 3.5, 10.5, 4], "texture": "#0"},
				"up": {"uv": [10, 5, 9.5, 4], "texture": "#0"},
				"down": {"uv": [10, 5, 9.5, 6], "texture": "#0"}
			}
		},
		{
			"from": [-1, 14, 2],
			"to": [0, 15, 4],
			"faces": {
				"north": {"uv": [8.5, 10, 9, 10.5], "texture": "#0"},
				"east": {"uv": [0, 10, 1, 10.5], "texture": "#0"},
				"south": {"uv": [10, 8.5, 10.5, 9], "texture": "#0"},
				"west": {"uv": [10, 0, 11, 0.5], "texture": "#0"},
				"up": {"uv": [1.5, 11, 1, 10], "texture": "#0"},
				"down": {"uv": [2, 10, 1.5, 11], "texture": "#0"}
			}
		},
		{
			"from": [-1, 8, 15],
			"to": [0, 12, 16],
			"faces": {
				"north": {"uv": [9, 2, 9.5, 4], "texture": "#0"},
				"east": {"uv": [3, 9, 3.5, 11], "texture": "#0"},
				"south": {"uv": [3.5, 9, 4, 11], "texture": "#0"},
				"west": {"uv": [4, 9, 4.5, 11], "texture": "#0"},
				"up": {"uv": [10.5, 3, 10, 2.5], "texture": "#0"},
				"down": {"uv": [10.5, 4, 10, 4.5], "texture": "#0"}
			}
		},
		{
			"from": [-1, 8, 0],
			"to": [0, 12, 1],
			"faces": {
				"north": {"uv": [9, 4, 9.5, 6], "texture": "#0"},
				"east": {"uv": [4.5, 9, 5, 11], "texture": "#0"},
				"south": {"uv": [5, 9, 5.5, 11], "texture": "#0"},
				"west": {"uv": [5.5, 9, 6, 11], "texture": "#0"},
				"up": {"uv": [8.5, 10.5, 8, 10], "texture": "#0"},
				"down": {"uv": [10.5, 8, 10, 8.5], "texture": "#0"}
			}
		},
		{
			"from": [-1, 6, 14],
			"to": [0, 14, 15],
			"faces": {
				"north": {"uv": [0, 6, 0.5, 10], "texture": "#0"},
				"east": {"uv": [6, 0, 6.5, 4], "texture": "#0"},
				"south": {"uv": [0.5, 6, 1, 10], "texture": "#0"},
				"west": {"uv": [1, 6, 1.5, 10], "texture": "#0"},
				"up": {"uv": [10.5, 5, 10, 4.5], "texture": "#0"},
				"down": {"uv": [10.5, 5, 10, 5.5], "texture": "#0"}
			}
		},
		{
			"from": [-1, 6, 1],
			"to": [0, 14, 2],
			"faces": {
				"north": {"uv": [1.5, 6, 2, 10], "texture": "#0"},
				"east": {"uv": [2, 6, 2.5, 10], "texture": "#0"},
				"south": {"uv": [2.5, 6, 3, 10], "texture": "#0"},
				"west": {"uv": [6, 4, 6.5, 8], "texture": "#0"},
				"up": {"uv": [8, 10.5, 7.5, 10], "texture": "#0"},
				"down": {"uv": [10.5, 7.5, 10, 8], "texture": "#0"}
			}
		},
		{
			"from": [-1, 5, 12],
			"to": [0, 14, 14],
			"faces": {
				"north": {"uv": [5, 0, 5.5, 4.5], "texture": "#0"},
				"east": {"uv": [3, 0, 4, 4.5], "texture": "#0"},
				"south": {"uv": [5, 4.5, 5.5, 9], "texture": "#0"},
				"west": {"uv": [4, 0, 5, 4.5], "texture": "#0"},
				"up": {"uv": [10, 7, 9.5, 6], "texture": "#0"},
				"down": {"uv": [10, 7, 9.5, 8], "texture": "#0"}
			}
		},
		{
			"from": [-1, 5, 2],
			"to": [0, 14, 4],
			"faces": {
				"north": {"uv": [5.5, 0, 6, 4.5], "texture": "#0"},
				"east": {"uv": [3, 4.5, 4, 9], "texture": "#0"},
				"south": {"uv": [5.5, 4.5, 6, 9], "texture": "#0"},
				"west": {"uv": [4, 4.5, 5, 9], "texture": "#0"},
				"up": {"uv": [10, 9, 9.5, 8], "texture": "#0"},
				"down": {"uv": [10, 9, 9.5, 10], "texture": "#0"}
			}
		},
		{
			"from": [-1, 7, 11],
			"to": [0, 14, 12],
			"faces": {
				"north": {"uv": [6.5, 0, 7, 3.5], "texture": "#0"},
				"east": {"uv": [6.5, 3.5, 7, 7], "texture": "#0"},
				"south": {"uv": [7, 0, 7.5, 3.5], "texture": "#0"},
				"west": {"uv": [7, 3.5, 7.5, 7], "texture": "#0"},
				"up": {"uv": [10.5, 6, 10, 5.5], "texture": "#0"},
				"down": {"uv": [10.5, 6, 10, 6.5], "texture": "#0"}
			}
		},
		{
			"from": [-1, 7, 4],
			"to": [0, 14, 5],
			"faces": {
				"north": {"uv": [6.5, 7, 7, 10.5], "texture": "#0"},
				"east": {"uv": [7, 7, 7.5, 10.5], "texture": "#0"},
				"south": {"uv": [7.5, 0, 8, 3.5], "texture": "#0"},
				"west": {"uv": [7.5, 3.5, 8, 7], "texture": "#0"},
				"up": {"uv": [10.5, 7, 10, 6.5], "texture": "#0"},
				"down": {"uv": [10.5, 7, 10, 7.5], "texture": "#0"}
			}
		},
		{
			"from": [-1, 8, 5],
			"to": [0, 14, 11],
			"faces": {
				"north": {"uv": [7.5, 7, 8, 10], "texture": "#0"},
				"east": {"uv": [0, 0, 3, 3], "texture": "#0"},
				"south": {"uv": [8, 0, 8.5, 3], "texture": "#0"},
				"west": {"uv": [0, 3, 3, 6], "texture": "#0"},
				"up": {"uv": [8.5, 6, 8, 3], "texture": "#0"},
				"down": {"uv": [6.5, 8, 6, 11], "texture": "#0"}
			}
		},
		{
			"from": [-1, 14, 6],
			"to": [0, 15, 10],
			"faces": {
				"north": {"uv": [10, 0.5, 10.5, 1], "texture": "#0"},
				"east": {"uv": [8.5, 1, 10.5, 1.5], "texture": "#0"},
				"south": {"uv": [2, 10, 2.5, 10.5], "texture": "#0"},
				"west": {"uv": [8.5, 1.5, 10.5, 2], "texture": "#0"},
				"up": {"uv": [9, 4, 8.5, 2], "texture": "#0"},
				"down": {"uv": [9, 4, 8.5, 6], "texture": "#0"}
			}
		}
	],
	"display": {
		"thirdperson_righthand": {
			"rotation": [0, 90, 0],
			"translation": [0, 0, -4],
			"scale": [0.46, 0.46, 0.46]
		},
		"thirdperson_lefthand": {
			"rotation": [0, -90, 0],
			"translation": [0, 0, -4],
			"scale": [0.46, 0.46, 0.46]
		},
		"firstperson_righthand": {
			"rotation": [0, 90, 0],
			"translation": [-9, 2.25, -8.5],
			"scale": [0.33, 0.33, 0.33]
		},
		"firstperson_lefthand": {
			"rotation": [0, -90.5, 0],
			"translation": [-9, 2.25, -8.5],
			"scale": [0.33, 0.33, 0.33]
		},
		"gui": {
			"rotation": [0, 90, 0],
			"translation": [0, -2.75, 0],
			"scale": [0.97, 0.97, 0.97]
		}
	}
}