	{
	"itemrolling": {
	    "sounds": [
		   "custom:itemrolling"
		]
	},
	"star": {
	    "sounds": [
		   "custom:star"
		]
	},
	"star2": {
	    "sounds": [
		   "custom:star2"
		]
	},
	"stun": {
	    "sounds": [
		   "custom:stun"
		]
	},
	"boost": {
	    "sounds": [
		   "custom:boost"
		]
	},
	"calimari": {
	    "sounds": [
		   "custom:calimari"
		]
	},
	"throwing": {
	    "sounds": [
		   "custom:throwing"
		]
	},
	"cardriving": {
	    "sounds": [
		   "custom:cardriving"
		]
	},
	"carturbo": {
	    "sounds": [
		   "custom:carturbo"
		]
	},
	"carturbo2": {
	    "sounds": [
		   "custom:carturbo2"
		]
	},
	"carbraking": {
	    "sounds": [
		   "custom:carbraking"
		]
	}
}
